insert into Member (memberid, username, hashedpassword, membername, firstname, lastname, email, tagline, gender, dob, location, membersince) values (1, 'demo', 'fe01ce2a7fbac8fafaed7c982a04e229', 'Mr_Smiley', 'Mr', 'Smiley', 'smiley@nowhere.com', 'I smile because I care', 0, '1953-03-10', '', '2007-01-02')
insert into Member (memberid, username, hashedpassword, membername, firstname, lastname, email, tagline, gender, dob, location, membersince) values (2, 'duke', '041cf7cf23d3d372644b707505218fb0', 'duke', 'duke', 'McDuke', 'duke@sun.com', 'I love the smell of coffee', 0, '1995-01-01', '', '2007-01-04')
insert into Member (memberid, username, hashedpassword, membername, firstname, lastname, email, tagline, gender, dob, location, membersince) values (3, 'shadowman', '1bafb3c11c60b0892007c63ac6a321de', 'shadowman', 'shadow', 'man', 'shadowman@redhat.com', 'I''m wearing a hat', 0, '1999-01-01', '', '2007-01-05')
insert into Member (memberid, username, hashedpassword, membername, firstname, lastname, email, tagline, gender, dob, location, membersince) values (4, 'mona', '4af5cab77c62eaec5f87b570f2d2b127', 'mona', 'mona', 'lisa', 'monalisa@louvre.fr', 'Some describe me as enigmatic', 1, '1503-07-01', '', '2007-01-06')

insert into MemberRole (roleid, name) values (1, 'user');
insert into MemberRole (roleid, name) values (2, 'admin');

insert into MemberRoles (member_id, role_id) values (1, 2);
insert into MemberRoles (member_id, role_id) values (2, 1);
insert into MemberRoles (member_id, role_id) values (3, 1);
insert into MemberRoles (member_id, role_id) values (4, 1);

insert into MemberImage (imageid, member_id, contentType, data) values (1, 1, 'image/png', '89504E470D0A1A0A0000000D49484452000000AA000000990803000000884651B30000000467414D410000AFC837058AE90000001974455874536F6674776172650041646F626520496D616765526561647971C9653C00000300504C5445F6E555F5E664F8F9D8615D0B020101F3E433DAB920F7E874F8F8C8F8F270F7E984F8F4B8F8F398F8F3A0939218F2C903F8F8E8F8F380F8F4A8F8F168F8F390F8F378F1D615E9D368F8F388F8F160F8F4B05D5A45F7EA93F3F224F3D824F8F9D0F5E325F8F9B8F8F250F8F158E8C703E7E544FFFFFFF8F4C8F8F9C0F4E614DCCD2BF8F9B0E7E653F3F214F8F248E4C323F2DA33F0F100D2CB88E4C2137A782A808080E7E436B0AD6B8E894FF8F8A0EEDB7FF8F9A8E8E564A9A545E3D825F0D100E7D944F0F140D0CFC7E7DA342D2903A9A98BF6EAA3F8F998E5D516CCC9B0F8F140F0F148E3DA52B0AFA8E7D202E1C444CECE45DEC032F0EA00F0DA43908F73D4D16DE7E8D2F8FA90F0EA49F8F038E8E393F0E200F0F138EFDA00E7E300EEC913E6E424E3C856F8F4C0C1BC86FCFDF0F8EB00DDBD0AF8F988F0D209F0F108F8F100F4EAB236332AF0F050C2BE4CF2DB58FEFFFCF0EA40FDFEF7F0F2D8F8F4D0F0F280F8EA3EE6E6C6F8EB4CF8EB08F0F030F8E24AE5E4A2F8EF2EE8E575E8E6B3F0F078EFE249E7E984F0F088F8F108EFE13EF8F4D8474329F8F980F0F290F0EE70F0EE63F0F8E0F8E13EF0F2E0F0F268F0F2B0F0DA0AF8FA68F0F058F8FA58F0EB09F0F3B8F0F9C8F8FA50E7ED4595977AE7EAE2F8F8F0F8FA48F8FA401915019C9B52F8E208F8F978E5E917F8F970F0F3C8F8F938F2EBC596968EF8E200F0E109F0F098F0F2D0F0F2C0E7EE33E8EE54E8F185F0ECD5F0F8D8ECEE24E8EE71E8ED63F8DA00E8F2C2F0F2A0FBFAE7F8FA60F8D300F8DA0BF0F9E8F0F1E8F7FA29E8EEB3FCFEFDF0F858DAD8ACF0F0A8F8F3F0F8D30AF0F948F0F9C0F0ECE4E8EEA6ECCE23F0F9A8FCFAF0F0F9F0A3A06CF8FA00A09E91FBFEF70F0A09F8F8E0F8FCDFF8FCF0F8F8F8F9FCE8F8FCF8F8F4E0F8F4E8F0F890F0F8D0F0F898F0F888F0F570F0F878F0F868F0F560F0F8B8F0F800F0F8363E3D02E8F400F7FA11DDDF5EE8EED8DDDE37D9D9CB221F15F0F0F0BABBABDBDD94FDFDFEFEFEFFEBCC33F0FC50F0F8B0F0F8408D8D80908890FBFBF7F0F8A0B2AE1FB8BA3EEBCE46E9CD5BF068708C000027E94944415478DAD49D095C9357BAF04958B20BD9308440084B0904100A222188522DB160B16295A0288A2088524344CA52AC088892A2822B2D1AB54A5BD74ED599DA3A63B7D1DEB14EA7032FA66A6B97A9B4D63AB676C6B9DE56EF73CEFB2679134001BDF37DF380D4F90DEADFE73CFB5974F3F88F11378FB1FF2182501F19B6184D2693D168FF5FD4CF08B546A7D5EB73728AB1E468351AB5D25A68323EF2306484A888CFF69377DF05F0422BF3B30F05121977D54A46CAD4AB5341AE4E65AC6471157C915C4914D2FE62FF7E54879808B646FFE586231D6113C3C29A9A2636855132695222485898D9CC9588D444A1F1FF21AA11E993A999BDFA785458E2FCC308ACBCBC3CAD1C8BA1BCB2D2332868FE94D4D46BD7A6A6B0B8FC02E68318C383A19A98AA37571C3F82109BCA6B6B838343AAAADC9030B0B8B9D5D6D6B602B0E7A44993264E9CE86696E9ACA67F2BEA4DDBC26B0EACBC1A1576B8A6A6B2B20AF0C4623183C3E2B0A4F0813E59247055556D6B5313D0CE9F3495912CEA19A1218C08F5A79B9833C75C060669A8AA0AF1F313031A97C51272B9128944C1B50B8B858901B7B2B27246ECA4D4494DE6151AA6F1DF6800856AFD179B126B7263824342FC182C1697AB5028F8200A457AFA018140C0E74B2480AAA080198CDAFAFAAA5ACFA08829A991E606F908EC6044A8C6C202052BAA2331062954CCE1482124A58B2891CBE5A2741162C5023A9671855C16074CA11699AE2772B430337FD89A1D01AAB150CD179A37D5971BFCC034A552215771E04D20E4F1542A1E8F575050B075EB3F376EFCE8A38F1039202B24106F916E198C656ECB5A63E747BC9C9AC850149C33FEDFA21A4FA8F52D9B320D864D7E2CAE502601752E91CB97204E159BADC45251111E1EAE561784871714F09600AE822F5120534866312028B4D6B64E9C7867991B4BC4040FBBF97F827A13DBE8AAE31D1DE586108654C6170844721E1081B0D96AB69249CA1AA5D2C15CC0E3C945D82014E90A6CB50CB765CB66CC884D9DB48C2BEA313D3254D8616AF584F68BB2C3873337B5B0C0D32165F2546AA4C9354CBAD840956C351680256905E948B7246DED8C496767DC59C6550F39740D0BD5C4E49B3B0E5F497B8F23E3233B0485224DF6D8C5091448552A20456650C05369343A64B9142CD8C18C198181917756EA08D3C3472DD473CC61619921EDB0F422B0CE82F08A8A35177A7C9010048199312A1B0B56EA871F6EDBB70F5B2ED832C0A60B8055C6C21E561B14E81B3929659DDAF49051C1F1A320B11BFC386B6507D2E54BC044D7ACB970E1A24F6767276665123D172ED050D978FD0FED43A805E8A7A0586406C02A447961597D6B5050606A64D46AA5E9A1A21AADFA6386CCE010B1542611E0A5672B7B488DFAD8967F0D928A0AA58D16FB1B5A7E64AD60AF28E4222380E02564B5B4B066B436C506A5A64EE4CA4D0F13D5AAFDAAACACCC0F481502E4F580C3ECA1833A504958C0A583CA4941A87ACCBA8AD5E2565F0F812035752A9777FBA1A19A8803C78E746CDAC041114A8E40C181887BA3B20743C56AE50A1B5829600448AF9153934556E3C3412D545F3A1ED5F1DE06A91015F505C8EDC18FACCEA4242A4DA96CD7D5C7A4800A4D0DC08211AC34BBD53735C5A6463E9522B86F20180AAAD1AA5B71A4A3E3BDAF841250290F40C148AD202E4A6552A47663ED872AA250B5A83690281AB82D0C3082F249A99191299282DB0F8C5AA8D40A11E9DE6214F3514E420BDFDBDB6BA540095B4C2541696E5550E0B4FE544103AC5429038A45F5F724A860C008D4B7478E8ACDE77601D4A586CCCD400AEE04A068E13B9158298D1254F01F3A2A2E12157C015F281543E69AD11A943A2572E2E8825EE34851FF8A7EE5093E27AC3C66F3DEB5FC0F0A2A2AC048ADBD98F4CF7FFE3DA95382E8B1E57E27501BAA9D5423A2B1A6A32F9FCB567050290B790BB241E481AD85234535FD157EC85B0C31C17E1CA144C753123D84D5DADBDB498A8F5342453995F2A8F0704744A559AA4EA415690534D17E7E492694A2340B55ACAF6FEA538A7BF9D63D51DF353E62524ACC86603F944AE505CC1E2B22ED2503BF8FD519D49EFED934549E9D14D5005AAD0D351DA955FBF9BA7560AE52D06B6B6CA0EF94C8AB7CEB88DDCAA4BC6C2E8BF1E370D3C1A194E04E74549FFBA016B8A26A1DA8A4B97EFE395F815C0BAA9756CF4008B0A345A611A21A89CF8F676E0FE1C8043898621B75A0BA9232A970EA40E539913A50A966262707A280024CC00FB1C6064E99326D6541E1C8500BB5C73BCE6C6E17F2450515B0FA9491FA386BB51F29890A75AA13AA8E4445B07C3BAA04E22B4401B11F84AC26B081C83B50C08E04B550732CAAE31FED6BF9221E9B69EDFDF4D3F3E7FBA3320746553B506D4AB5A1EAED1D221299700F87034DA25B7D6B60E0D9C8A912A669F8A826CD97473ACE7CBD562B023B257A7B8114B362CC8BF0E14CEA28FF86804A61CA8A8BD7AE5D2B944A39805ADB1A783A3F726AFA8961A31A89B5656967DEFB82AFE1852BB1523F25512FDA954A76002E5D0A955081D5851422004AFF7ABD83548648D70A85528E991105A881F9F991A335A69BC34335296586BCCC903D393A35CA5088D4D5528983CB99C48DA7ADCB8937989F7DA83C148E528093EBDB8B5414F7C9565BE210A858B0484138E61670AD19B181F967A70D6CAE2EA8B429E809BDB83C2F582CD3AAD888944475B252623964AAE56397FECBBA7C16C1FC1D7B1B0D954EAAA132942BAA0C2A41076A8BD95C5F3BE3CED9D3F963B84AE370B46A524BABAA6242A41211C4536B67EF7984EAEC50D0A27CBFDEEAEF6179723D2896B90DAD3CDB29F4D3122A8EFB22CAF9158818969FAED5960DE67A68B9037DF3CFDE51140E03D548F01906684F8402502A9451E7B14B394729D0E9F7BFE97DD5C3E3FA2756EB412662C54EA576562A46B5E5285B9C2251855C072AB01A507005B54E5F166E1C3A6AA1A6C5501E02995F04E9B4B7F3FC00A8B0F8EBADEB7B6F747B78585EB52EFF1D53696BFD784EA436542D15FB257C72366403B5A38AABAA5A51703DBBE8E7D9D621A1E2BF1091B3292F4D2C940878EC1E1F1C5191F3BBE894580EA83F347B805EFFD5433C6B1B51A85C487524A9969A0FDA2C5528A4914AF77238E290AA4ACF58600D8DBC2BBF3954AD9A342D99B782A51201AA513ACFDBC2940395C0C204BD768205747B581E27BEFF0CA3AA5483A2920B5F5C2C9339BCDF8EBA97D3CEA8329437C59EF5CD8ABF33FBDCBD511D06625D77246DFB5B504EF12AD6F8748247F50E004A1C8418D0639DD50C26E0B1F409621F5E7E84AAA15B2AC45304AAD592594A02E9D449AB78F5F7022AC72F04A106FA9E0C8D1C5D601C22AAE658C78EF616BE08052AA84F7B517BE2E8A5AC881385FEEF97F780B93E761D6DD5F9FF406C53B20FA9551BD51A0D1A613AC5548C0A75BF40A7FBFC804E335BC05FB1B685868A45EC17526540E5A06FFC34857568A885FAE31DDBF7700572354A5314A8D54AD729CA51B3ACD6F5EB213CDC58EA6101D6279063A9792A15429593A80E52C8523A8540F3DCC25DEEEE4F3FFA9C40BF768F0B2966AD6D42AC6322193CE3506CD5A85C7524D30F2A3F2AFA53A4D61E1FBB43E1646AB53EF12F7FFFA5CDCD4B9109782CFD84493C7F48BD71A386522BADEFC3A80A9D6A61B3057DEFE4E65DDAE2142754B1186200781634DBB16721B6720B87826A151C2F7B4FCC47D5345DA9D61E6752A6F546B347B76DAF16C5AC170F32C3F16C0AB3DAFA3E448A52BF5EA05AD867FBFEC9BB246B6D2E8549DBC57B5B3688FDAA0C4DC8B3A6788DE699EE8F6A52AF8ACA7C4B2AE0152891A59E3F6F63B5A352F5D427CD24A203F769827988CD2351E5AEA85AD5A3FEF03DF817747B34CFCEA1A1EE1503EB1708B5CA505F0FCDCBA2E90AC2785F546B8EB9A36CAF4CA0C6CB0F71EA533AAA9DF48DE54BED94DD1EE49F7FFDE90AE5A18D83A00AE4FEB435983CB381A6544EBB582CDEB0C12F041CABBE2930B064D11846BAE9BE2940792C330D62AA4885961FA7A94FF180C26A5B7E8CFAC61BCB6F3C3E76AC7FF3D2A5D76D0016D0EB3EC85614AAC8195534CEE2615B06F8922492D1508154FCD5D780EA6730247AB695E47BDD492EBC1F6AA1EE481A38155FA76242A222532A0A5854870A0D3689BA7C790FB1E6D90B3DCFFEF0FE8D4F9EC6CC281724853FCF93BBA2625315F95BF0F253D22C90491DA60AEBDFBE01A1BA951912837CDB4AE2C72CB3DE07D5A8FE3271E75B29EB541BD9BFA172FFF997FED0D9EB3C9E224714E4FE4405DA9F40E5DFFBEF2FFC3829E9513519FA351AAA4A15680F48F412BDF651E733139647650E8DB68BFDDEF2030909090E8EF10456DFACD0E97264ACB707473569CD8733C45C81EA1D66EF1F9F1CEBFFDF8FA1A47AD1C74A9BF951ACB4490A359F60B3972C2950DBEA7EB2A00254BD44B24EAF48EAB61B2A3282EE717CC7DA8B11E75B146AB96790EF94ACD0318ADBF460DF1FB5501F9597C69188366E63BEE4DF0D0BB6F4BF5F3ADFBBDE3EA07041653BA1AAD94A352FDD814A157F5A40D5CD6EF6A0A37A78EC9238A1BE6547455A9D9295356634714F0330122BA2766472243A35F3FB66D25FBA3FF93B425DDFD36FF0E318FB535DCA92251BE5F225B666CA3E4AD34AF47CCD8F931D8BDF8D8C364926759052CB0FA458ABF3DBB2B2F2A7390D30FAA1424DD59159265568D8C4275414F2587AA3F70FBD50E8F747653B76280A70E7A746DB82FD50F5395A81E8D16E3AAA0742E57058B4F547A448A931699E4141BE255953A63B652C57542364AA0E4388F0808AFD7DB3FDF77DF5BC0F0DD5D14DD348312ADEBE947F400E2828543ED47EEB24FA03CF7DDCED4CEAB14B46B75458FF90CD58A93195E541C8AFF2E397297F1A1CD5A46E88CA0C16E7BCA952FE61290E2DD7E1C7AB1721AA5EB82F2A9B6275460569E0F3D3D393BAE9B60A1FE3644EEB8F4849D48CBABAF96DBE2525F9D3C1026E0E865AA85915B6BD7D8FFE4D35D1EB6FFB9DBB5FEDF4B960754CA7075A7F357D3C4992EAC81695AFD737E8214A2775BB062B899352914B6D47A43119954128B296788F519C78E4A7818B40E32385FC948E1D66A156A37EE1A5276D79F3FA0FBDBFB15A8959F6413AE553D4184D5DE0984E3B2A3F11B5C58EAAE9755AFE6CDEC72EB63A79B69044F5F373B8542648466E651D1800425DA01CCC008C46AB24AA63BB58A6DB788838FF03558D788CEDEC5D0F4A25683AA58D7CD56A1AA8F38822DD860A05A06A5CB7073DB0762728A40ED210EC523131409A96919BEB191441A26A8C838E2CD4C223E5C110AAB6FE8EF8F4FC63FE285A5D1FFB52AF0FEAF409D7DD693AEA00D31434EDB5CDD1F407340BBB693E854C552FE5F4737E121569151940FE34BE69305493AAA5232D44C8D7B03F7B01FAD4C75E05D6B1FFE5034A454309D7996FB87D8E36E034C53E4995481AF4EB44B3FB3CE8163079E5658E1D35C4867A26332D2D23C3A6D5FC31B470E58A2A3703AA4CB0914D587FFFE7CE4FCF836B8DEDEDF4C1A8CB07402537FC074525C713EB7264FA063E0A01B46A25E1F217AEA83148AB69C800EA00D517A1D24A1617D442D1F1F2186855FEF40EA0F6BED489A280FFED4E88AA3D4C07AAD28EEA389BD07F9AE218FA026A4E8344B7D042AF6D77151F17F7473D93798B440D3A0916101A7F7770544154798C5826DAF8CE0BD6DF5B7B3B5F5A8A9CAA132AEBF54C82795F54B90BAA6DE893232B9649F4E9FE1647A44A98B9E78858DC0F35ED565A5A6E0642C52120F40E315804202451E5C162AE46B58FE85DFFFB3F747602AAFF7F5D5C7FA1A767CD9A81B627703A752695EB6C731FDB7C4A0F3D7FB1AC41F7BC9DD592F4DCE77B8FB4D34971F08FB995762B2FB7AB0E0C00E500EF45D389412A2BA3461A66F0934A043CA50FDEA000AD7637775EB46FF75628D1076DBFDF354ED9767C1D864ACD7C4124FAD949166C00CDE366E748DBE9A465C16586B22AC38E8C6BE55D010101757511BE274F8256A7CF2E1C18D5A46B3718F0A4AAE2E21F51ED0FC9D563E9DFF17C9AD9D37FB7AFDF26FA12397D6BD23EF0C7A442D96A9DEE63F7C97DCDE366EA73F66C309BC56206AD9ECACC0C36245EC9CCCBEB3A551710D116B1DBBBC43B7ECC6C621054ED061A2AA8F5CF807A7D161D55790FD425B4982AE0F7475D9103BDA062365756BC67438AF96B3F3F86D856F993A83BF20E6F7FEBBDB08E989D01735F8B383D2CD44E94B01EB3A1BA287580FDFE7EA48EF5170A65C50DAB5F6F6890154B41A35FBF2536D3332A8A53E5897967A29E1A3F6AFCAFE53BE764854E98E0ED3D26793054BDD9100CA822848AFCFEEFFE605A4F5EA412AAE350C2885085B29C9CE215ABA47BDB916C3033C4CEA8699BD3366FDAD507E63CD93DF254D1DC880910589395F740E560D40B3844F9A0EA6AAC1DD599B4DF263A6D179DEFB2FE78E603A02BD6AEDD7315946A361F3773C47452404DDC7E6494858A6541D15959A0D6C151738E3BA1FAFC752C9AF10D865A30F07EBFC8D9A71CA82B5614AF5DB96AAD740F47CCE16CE0EC7128350685D4B4C4F66726E36102945DBFD4B59106A01E18B530078A95BD08957D01321441A0497FF7F53FFAF4B876A834D47B28D59954283DF6E5DA632D6BA5D216F39E3D624694935233D2D262362590C9ECBA47F7A8405F52ABAA9B03A34AA290ADF2452AE505E8FB5F207A6FA05FFB848F750D41ACA9703A3F45D57E05BC7E47135C94EA20FD0284C3C1CD3FADA2A20C1564B3D99DAA13BBBBDD2B8310EAA2C10CA03007A1CA6CA86F10D6C7E02F08C66A5DC37CC5D1A050658AEB26BAA69F52157452A1948351A986DA964EC9E507D0BCB49876777B89981014814280D7E8C1508BE9A804A0BE84FC6AE92CA8AB9EBD2FAAEEDE4A15DAE7A8B6D41F624FA819081582EA28AA96E9B68CAA8B980BB6EA957C5F5436B3A7877881B0F622BFF278D24A9AAA0D55ED5CA6D04614FD2CD5BE91669B4FB58BDB6D650A454AA2E6E5E55DD97EB58F6275CFDF3D670ED26A327B6054AB332A41BCD0F924EE587C888304731FFB5EA8BAFBA2E22FF6593AB0DA490115486B026EED49C0152D0A00738AE66254E5105081F48D177A1F5B8A2CE007E6B344B8D3094ADA569A9C36A2100D98FD49A50A855C210DD59651915233F230EAE1E360ACDD7D7DEEBF7846CF29CA220DC03860C7EA8ABADCFAC7BFE316FB45029DA01C16AAA41FAAD449A9B4E5B7A176EDFCD502A4BFA6469FFA6E5ED6DCD0FBDBAAD06E00CBAD3EC858BB3DFC6711FB680995DCF453F5DBEFA7D5540E5099C3525903E8142BB52B2F1750E7678EEA8630B5FDD45FB2E71415CDDD8F51072D57A20C55212C8940C546136B1F6BCF85F54FE250F7E41B4CF63636B9874EDF4477EA509D399D35CAA119A9CDFD81B3AC0CBAA92B353575B9359E79354750A7386AFE3771A5D5BBDBDE4661D54B3118AA2EA5BE2A84211368D44AC2A7F3C21A6239F104CECACD2FA00DFF7BEFF7F727E5923BBE529683943EA3B0A1E676D5D4E482DCFA05FE2CCBAFDF2D2EADAEDE7D12A17A7BCD660ED605A4D45756892502CD87A0559F0BB3A0F59B454ED99E243EDBB6ED3EFBFDFD952AECB78BE692A71069DACE1D79E55D753535FF70873FA8AFE3BBC571D5D573E6BE0DA4F15EE983740146D52A84CAC55A257AAC6B7AD6302F8C2527F7DF13BFDB76BFFD7EBA47C964F45314F4E577CC28C8663AAD3CA63CA36BFED1C3C761FDBB471DFE76F1E2EA2D805AE20D5A5D621A0455DD10E659259609742A650F3AF6BB1CBCEB89A598F5C5EFF1D9847BECF76BFB8529E140A84E839F331919187547D7FC53B7C65BBA3D263F15306F0BC81C94AB42E3A729076B039592B044D02A5FAB41A86B7A7E032DB5F55FB8DCB9FE38B1EDDEFBFD5A814B392D1C54A9F6E47F2B63275454319E3BF3F2765C434E9570E5DBB82D5B22B26DA817066BAE99024065C80095D9A354327F83C67ED61F96E220D0FCECB67BEFF76BF9F753AA1329CEFEB73240D276D65C39BCE34C02DACFFCE55476292895445D94BF60B091C5BB26795462A59F50A2D754002AF12C5171F0E0724AAD1E370EDE7BBF5F3B408FD28FD451A66C870F841A9391D8752A60FEE6A7D0AE967B5D51766911851ABA68CC8241675646E5F144831B4B26D129994A2535A5B8F803B6D6EE66E521257B2B5BD56FBF5FE0DA4C0D86EA670B539BCAB0209F02D49A80E897CF5C45EE6FF9E5D4DCA2D2D2B8EC39A456BDB8E7061DB05B8F85190C52A14417CE24AFD18019ACB1BE4ACE449E561E52B3DF51FDA9FF7EBFE3A40FDF394B0D4C4A43455AED7AB9EB70C778F427B8474617815AE3905227784F58345D31E8D0F291C215516106B1542628A86023ADA21685C99CE58F4BB3EB8F33F7A9D9E86882EB7EFF1050D1869FDDF9112612849A917BF4D4D133BFF6A1DAEF97AE39A5A573E200B50D85AAF805A2C150DF859E1550191C9980C7B6A32A0F128F918DE4D227986C363AF0E1B2DF6F23D5BBD653B4FD7EA7804AA1A691A8353B3B9E72C74A4D3C95F597D2ECB8ECEC3925DE60AB5E33D5C641518D9A63D7CA21B5F2D1D95A1BEA67C4F7FF229B9EE66789F7B7F6DFEFA750F5FA7EEE6F476DA7B44A7A14897A2B0F0F5373CB83CD09B84C1DD5B53FBBB4B4318EF47FEF45D3934F18073DBB6254AF0A4B0CF6E3F245BCF00A8C0A617FDFC183B3A8ED16FFF795CA77FAA1F29D510720E5D09C1F82D47B58A757F26EA5E5E6D6E56E372775A3D32F7DA9A7E635966683905175D1F425B7073F666324D685251A5C50C15CDFB871DD8237FCFD9F2D50F5DBEF1F022AA9555B3C2D3B83945A73250F4A9580DC1990A6D07992512F37663716656FF9761EA9D5F83BCCC17603FF4A0E83AF5586B014E8CC32690088F533E6F21BD4B983E647953CD7F57718C000962A75DA9DA6AA54A4D4BC2B355772EBEAEA70958AAABF2B718D8D73B2E31AE7D9A2EAE87337EF81FA88F58B6B95552C2E57AF2A40EA64E20B54E115AF54DCB0ED373C7E88ADFA001DF1D46A6DA7A7052EC31419AD45B5E77EDCABFA859405076F37844134ED4283F4A35DD77EE9C6EDB47B4744517563E3E2B8B83973779F0C0D9DB0689ADC742FAD3E6292D47B5631582C894E85EF50E2CB5EE1F0F1AC6D77F0FAC2E7D550F78B04DAFFA150F92E3D0AAA53B9745452A5246A704C624CB0A132F768DDCEBA9D5DF337FF6AC12EDB9778AAA8A8A871F162E45427013574D102A773AC4EA8EF6283D531122BDD185C894883D50AA8AF6054E513B65DF2EB8F2B79CF69340211757A9A3FE0DCC7D19F501E45C6AAE098AA8CEDDBD1156C58FBA0EDEDA3F0EF0A3D6A576351512990C66517CD3D791A50A727171AEF7D2044299BD80A6A55E06B75CA0A506AB8F295F0F043CA7D8FDBCED3343FAE66FFE947DB496FFD40633F29CDF9DBC5E8580238D466726FA232A3B2127554B9A906BF51D73D4897EACA8E2B2A8D03C9CE7E0D525556E8A2694B4CF73B66239AEA09D6AAC0D7D5C84329EC2505EC258794C48BD7A9CD9CEB4FEF63BFF3276CAEF8983712011D554AEBFB40A9B48309C05AEE990B71DFB3BCEAADA9EEDDE4886A54EE965288FD24EAEEB9732740A4BACBBCFFE125565379157A8542CE2359C3D95BD5EC021E7BDB672F4EB66DE6FBBFBF4DFD4F0A55824ECFF2D3F9039372C4B6FD8990CD642FBD236367578D674670D4332429E834F5BB6C52A738A962FF9FA6B87DF37E47C2CE290C89E5E81ABD6809C91ACE2E50ABE1F37925662565E98BDB3692A8F8902779D54BD67FF9D1C1349BF891B3B40CE8FBF2B66F9E3ADEE281775C2CEE8721F6CF2BA248E7B4B54DC85AE4759777FFD36B461123D153CCE24A04F8B62AB47D6CF5C68D3CD556F53B6AE5E38EF35FFE7F83D0AAC517FD30EC8001152B959A5231C4D854336EEDDC79F8BDF667126C5B83EE5DA7B2B38BFED248A1CE2D393D21347EFAA3177FBA2FEA4D421616E6C60213A02E7FA3B60F55D4D0556DDDBAD07EB0C76372D2F36ACDEC035ABD449693236B28465712D0F509A74405A0B0F666B319E22AA3AA2A66C78E1DB7B6771CF962BC6D77D8D2D711BDB8148AD438ECFEB8A89A10EAE5E254839CB4348952A0BC02B5F2D12DE0021B2A16F5D68563BB6DBBBA16FF8FDF57A974073ED7E75C5EBDA2780516A1935ED1618F4D9B4220526DDA54EF161C53595E6ED8F4F5D55F132C944E2DEE8947B7141551A8403AE7644949FE22AFE4577EBA3984F3AB4C4954981B34030A60E5915D3FC2E4A9E41FA8C064C7D1CE2D2E4D58A8D668D75DCEC9293E06BA85FF38400115A914BCA92CB32C78F3E6ED19B9199BDBF7AEBA9AD0673B6CD4DDF7CBCE80C510FBC150BF2151E79684FAC67B2D4877BD1E32F0B170936EE5D47A37066245AE85DB7E40DD28177DF08146B595FDB8EDFC05F6AF8485CF6974EB5E7FFDF5D50D4880942BC5AF8490C3A9CD219BB16C3264A4C56CDE9BF24C529F635BD87DEACE79DF940269751CD22AAEA930EA6C6248A782A1BE6AA80FABAA02D7C2B79679142ACAA650546DE46D7C22C1E2413B0EDAFCF18F1FE9F49FA391FAEA06590E6D8E4A4EFCCAA2A2369919511D6FED59F98CFB64C7B94CCBA8A853D18DB0F8800A76BA05934E28F106A5F6BF863DD8617B514A13AE0470C42251FF864FFBA291BFE639D52B9FF4398EA2200FF31FF79CE64D11A4AF75DCD5A05564A5B6911F8AFFE23D6B8552E1CC517D16C7AFB2B83F95990A9AC42E1517575ABA259B5653DF1C22AAB182D5E4099500A0A653A8BCBF913D152AFB342AF99227F02E343964463F2CCDFEE316FE28D069F539E85C2AA7BDBD9D3AEC09159554C89D397E57DF640BED4C605F42C7D1E8EFD0781207A9D2A2EA2DA8510D0D05D4690AD3D02F8648A6267A5621567425186BF543D50768F9E53A0D3A412357172C6CB67878381D9EB2F425248D7B7436BEA92E5C4B4D2C64B28699E313DC275BBA699CDD1E7DBFFEE3E5EFBE9907E9F43BF0288C5A847CCA1B0A15AFBB153787AA55C8AE978FA456B62E63488B256FE2774A541F6EA56A69F22AA248B4759B937BD9B69C2C93FDFD1392767D3C7EDCC7E3762525F9BB374FB6D0BF8D3C6435EADAAD97179399F41BFC01CE3F6F7F1B74D4D0FDDFAD18CE25A6C28F8E5F4B6CAD65985735E8D1F31A1A95FA6F24AAFD82E79B1B55EF274D763A9166B3876EDAF96B5B58A27D575F4264C7A9E86FE34A31E8B7DFD882FFDC9212DC52259FBF399CFB56CAD7AF4E0AAA724B61ADC8811A4B839EA2A06B15E5FC033A8DEAC78F9B9DF4752F21FF2296C9A39E0AFE47CDCB5B1A17DB504170F047738AD078AFD1E9A6615DB82BFCE78A899E9EF528C1CAA01AE09177289CBA29EDA5D5AB3FD2FD38CE7DB26520B0817EDE3DD97D7C7D484C5740F4962D8D5B16236DE2E5C7B39F93132640F107D17FCDCD61A11AAD1A46FDA449F50CD64A21BAC62CD7E944F67713C80665B55EABBFA4D7EA3E9ABD30C9DF39780D483EB92F61FC5351C13BEA8EBE1CDD185D3D07A12EC63E1557BA65FFFEB6D3135045B52079E0E783EE7539D4AA654C9C545FC55886328168097ABAC63E4FC3A850553534404A6DC8D1EBB43F8EDBD5D76719D00E502C85E0307E668ADFD76569350101D18D8D1173AAA31793A8A89C2A02D292B74FA38A7A36F3E6F0AFDC5A0529133D5B6B97A14C802EC98B68CF51E02B7E02AD645D31AA52D616E7E45C7AF37F9E5B382EC1BDCF6271BA8161B1F4B98FFAF5AAF9EB4DDB77EC4CCBCB3BD5151111702A7A4B3519A470DD9FFDDA7EBCFDEF1D3F6D80EB4B43B9C8CCE44E9D14DB8A330148BAB356C96A5A9253BCEACB55202B5614E75CBA7CE9D281D9AB1F1D377E57524242425252D2AE5DE366CE5C756CC386E0CC5B69878F8246038E469C8A8EA86EACDEDD8851172FAECE2E7AEDB5B9E49062FA82F4774774E7FA26A19878D613B1E2B7B504A27411FE24515D36A685C2155FAEFA72C59797E1F3F20AD9E575AF7F79ECABAFBEFCEA8BAFCCE64D86AACCAAF25B57AED45C01D8E8882D5BB62CAE2649B75457BFF6DA9CB9AFFD7642E8E9455EA3E5E7467AE9BE8035313608589162F9E9F88227A555DA7CC23EF6E170BEE0D0C614EF6141CD5F157ED0EC56DE953C8C6AB351845A1D510D6D1FEE51A19F1A30A20EEDD98DDBF2959352A11A80EA15BDB5C417902768495474C7CF7679166DFCD04769A84C316FB29D4BCDC05D7F571AD66A7434E54CDF9496562352B4FA592469C503BC10522858762D28A8B2CA6D192A5F25E8CE9CC0F9EA240857662F52ED4728ECBB1308B5B2120DA772F36A6C4AC52A2D2D6DACAEDE1D81953A370BDAA99482DB37478E7A93A9989A3A29A8B516B10A65946629535DE7B83B0D0AB5F77EF6A16FB05B885B485515B9FC9575E8B41FA9D4C5B662AA7AF7EEDD27116A567CFCF499A2113FBB811F0633A9210C04C67AD6BA315A56715743630036ABA050D7AD73907238B6D6DF861A5C85AD34A40A0F547273EB024E1D8D8E8EFE962A53E2A0F8DFBDFBB7BFFD2D4A52F15E91CFA4171A1F0015BD0A58C15D163B05C52CC64A564B03F9C61E46BD74E9D2E5CBC532C7C01F38F7D2B6FCF0F1296AC31F16BF068C20C066A7C8A18A204861D2ACD04563EEDCE5163EF8C33B4AC9B249939A5AEBDD520056C85550A439924BE45304F6A68FBE3F05B818358624A550A3031A4BFF42AE7E7575F61C207DFBEDB7A198F29A962C62FEF4E0CF19190BE5C91353DB82EA97A1A8C5422F150269710E5E7B8C483B432166D8372882494C24680FBDAEE6E8D1E8C5A0D6461034469F370FA5A8B7BD4F43D7AFB8EFBB81437C24AA50B47262EA7CCFDADA5AE45CC08AA613329A99726CDECF4143143F3B6AA61D14A3824F21CE4628F8A1E8DBDF968548BD17C5DF492E78488F44A13BF8AC89918181ADAD6E5011AC6A20071332050EFFF695670DB0897E2B8D3C928E04152A688E829AE93920BB21F0A3419AD70285AAF0A1BD12662244C9137FCE0F84A01595D2D202391F2D790399AAA4F65B73039CF3BF959647911E4581EA5B0C5A04A914652844EAE5355AC11CC2137C4345359A4EF01477CE9E4D8DADF49CE8C64861B500D4AA55A8C973A855ECBCE3439E9F855A2AB70640036A0290A19275D46B18D4DB1B55D2D3466B86F456E0305EB433128A657722A704050595A358C0309BCDA05D21582B8B0AAA78EC43230D8ED991792B039306D405603B8DC3BB52A0D2096F232B8596EFA995835728237E27D0D823624D4D9DD2B63B088A58B77A831BB0B6403CA0C23F57BA971C4F23D4EDC1F6235428F423D080886A88A4E04CFBDBDADA26204E6FC85077930B86F8FEE2B05E5F3416AAB85323A7F80605C6B6B6D6D6BBB99951ECA22629A055A7AB3358A924298AFC50F94557431EDD8F494B266052AF6977D395437D8975786F5A1A0B0901EBCECF67037D03CFC6B656CDA8A71E0506BE0DE20DF42A2538B88CD429891A5117111D1101E9BE0DFBD28409A731E9DD64F98921BF193BDC474D8D850502EE8C9FCF9E0D0C8A8D8D6D6D025A904DA4F8F931EC5B93E4A9340A3428222202D40984BF7D1BA551EFFCF8F8313FDF495E123E8C375847F054AC8948E7DEFD79CCD97CDFA0A0D8C0D8D87A30857A039210A0260B29AA9ACAADACF304370CDA1FB1BF6DFFDCB9E8A0375AF9D0F8455ED31770353DB787F376F4881EE035F5A48F5E30E6AC2F4850906713487D7D3DFAEA568B9E87AEA58ABECA204F0C1A848CB30D8AE7B92429ACFCF405C94BD6986E0EEB4F1D012A1A7C99948A94896723A74C99E21B084ED6143BA3A9B515CCA1094B6BAB67ABA727E284FFF364D0C9365FF02310D02A9A9D7A81DBA7FBDC1EAE8246FA02B389D0485853EF449E9D9235657F6020D8019619E47F3C01117D0682DE03DBD075A41274140502FEA2F8E977C09946F2C8F9033C176F62A673199013B2E6B6B5F90622390B9481A4A406228DFB96A00F2490404371F33C2D39BDC20426FAEEBBFF3E54FC2EA388CB98181939E5EC94FCFCD3F9A70116A218522510624892131D43098D8F8FC72B5F31D257E31FF0B97853A1559D9E7C17426D7EBE777E49BE6F7E49C9695FEF7CEF126FF8249D088750707908F7AF3CC87BF10FE1117E9355FD918CB5ECCECF6320DC8EC91F939F0FCCDEF0351FAB1294E935E6CE32165FAE3CF7D3833CC3FF30FEBD00A3D174EE62F82BE9E977172C98366DFAF4E963904090F79A3E7DDAB405A3472BD2D544E103FFEB060F03D5BE31C756C9450A8542865E0246CFC44BF8682F8938E14849C6FF4F508DF85F3A28F4F139015278EEDCB91327CEB9E8F28151FF73FEC590FF18F95F0106009BB82CA79ADF6F600000000049454E44AE426082');

insert into MemberImage (imageid, member_id, contentType, data) values (2, 2, 'image/jpeg', 'FFD8FFE000104A46494600010200006400640000FFEC00114475636B79000100040000003C0000FFEE000E41646F62650064C000000001FFDB0084000604040405040605050609060506090B080606080B0C0A0A0B0A0A0C100C0C0C0C0C0C100C0E0F100F0E0C1313141413131C1B1B1B1C1F1F1F1F1F1F1F1F1F1F010707070D0C0D181010181A1511151A1F1F1F1F1F1F1F1F1F1F1F1F1F1F1F1F1F1F1F1F1F1F1F1F1F1F1F1F1F1F1F1F1F1F1F1F1F1F1F1F1F1F1F1F1F1F1F1F1FFFC000110800CE00AA03011100021101031101FFC400AB00010002020301010000000000000000000007080506010304020901010101000301010000000000000000000001020305060407100001030301040606070504070900000001000203110405062131120741516122130871813242141591A16272822316B15292A233D1833425C1D253732435554363A354647456171811010002020102030703050100000000000001021103043112410506617181B1C1223221D142F05191E15214FFDA000C03010002110311003F00B52808080808080808083E2E278608249E6788E189A5F2C8E346B5AD157389EA0020A3FACF9C79EC97350EB2C55CBE38B1B378786849219F0919A7039BD53ED2FF004F6234B91A2F56E3356E99B0CFE35D5B7BD8F88C676BA3906C922753DE638108CB368080808080808080808080808080808080808213F345CC2382D231E9BB3938725A803993169EF4766CFEA9FEF0F70765516150915377962E65FC83523B4B6425A62736F1F0A5C7BB15ED28DF4094774F6D11256ED104040404040404040404040404040404041D7737105B5BCB713BC45042C7492C8ED8D6B1A2AE713D400414179A1ADE7D6BADB239D7122D5EFF00071D19F72D6224443D2EF6CF69469AA20E5AF7B1CD7B1C58F610E63DA685AE06A083D8505E9E4973119ADF43DB5ECEF072F654B4CAB3A7C6634524A754ADA3BD35EA465BFA020202020202020202020202020202020847CD2F303E49A463D3367270E473F56CFC27BCCB267F50FF0078EA33D15458545457080824AE40F30BF46EBC83E2A5E0C365F86CF2153DD6171FC998FDC79DBF64942577D1910101010101010101010101010101075DC4F0DBC124F33C470C4D73E591C681AD68AB9C4F5008283734B5BCBAD35C64B3A49F857BFC1C7C6EF76D62EEC63B38B6BCF6946A1A9A02020115144177BCBFEBE1ABB405A8B9978F2D88A58E42A7BCEE06FE54A7EFB29EB0512525A20808080808080808080808080808219F341AF7E43A2060AD24E0C96A02613C2685968CA19DDF8AA19EB28B0A794A6C451010101049BE5F35E7E92E615AB2E64E1C566786C6F6A68D6B9EEFC894FDD79A7A09425771191010101010101010101010101070E706B4924003692770414479D3AE4EB2E60E472313F8F1D6AEF82C60E8F02124718FF78FE27FAD1A868A8080808081EBA76A0BD5C8ED75FAC797B617D3BC3B25663E0B243A4CD08038CFFBC616BBD68CB7F4040404040404040404040404119F983D71FA539757BF0F27064F2FFE5F6343470F141F1641F722AEDEBA22C291014141B86E451010101010104CDE5775C7C8B5D3B0573270D86A16089A09EEB6EE2A984FE31C4CFA112570D1040404040404040404040402829BF99FD69F3DE609C3DBC9C563A7E3F87A0DC6E64A3A73E96F759EA45843C8A20FB8A09A5348D85DE80A65CFA78BB36FE159B7B9E96E26F8FB807A4853BA1D9D3C83953FC623DF30F97E32F982A6327D04157BA1C7B3C8F954FE19F7627EAF339AE69A38169EA3B157577A4D67168C4B8465DD697573677505DDABCC5736D23268241B0B648DC1CD23D0420FD03D01AB2DF5668FC567E0207C740D74CC1EE4CDEECACFC2F6908CB60404040404040404040404182D73A9EDB4B692CA67EE285B8FB77C91B0FBF29EEC4CFC4F2020FCF9BBBBB9BCBB9EF2E9E64B9B991F34F21DA5D248E2E79F5B8A34E941BDF2E794DA975A5D96E3EDC781111E3DCCC4B208B8B771B8024B8EFE16ED59CCF83BFE3F074F1EB1B795D67F1A78FC531BFCAAE4D9655873F01BB02AD88DBB9B157AB883DCEF5F0FA94ED7DFAFD4FAEBFA46BC53D931FB218CC622FF000F94BAC5E423F0AF6CE4314F1D6A0387511BC11B415997A8D3BABB6917AFE32F1A8E5754F6D0CEDE195A1C3AFA47AD5897CDC9E1EADF5EDD9113F3612FEC1F6CEA8ABA23B9DD5D856E272F09E69E537E2CE63EED73D27E92F22D3A8590F28BAD7827CA68DB993BB27F9863413EF0A32E183F95DF4A24ACCA2080808080808080808082B8F9BAD65C1698AD1F6EFEF5C3BE619003F7184B2061A75BB89DEA08B0AC88AF7626D84B3991E2AC8B6D3AC9DCB36977FE9FE0C6EDBDF6FC69F3F05D2E415CE0E4E5C63E1C7399F131193E651823C46DC39E6A5E37ED6D387B15AF47CFE7F5D9FF00AAD37CE27A7B9B7EA7D5B80D358E7DFE66F196B13012C6123C49081ECC6CF69CE3D8ACCBAEE371766FB76D233F2534D63A8A4D49AA3259C923F0BE3A632322DFC11801B1B49E9218D155C532FD3387C68D1AABAFFE618651F4883E658D92B1CC78AB5C2842B12E2DFA6BB6934B7EB12D66688C32BE376F69A7F62E487E61C9D13A765B5CF5ACE19AD0FAA2E34AEAEC56A082B5B0B86BE568D9C509EECACFC51B8855C0FD07B4BA82EED61BAB77892DEE18D96191BB9CC78E2691E9051976A02020202020202020E247B23639EF706B180B9CE3B000369250503E636A6BBD6DCC1CAE5ADE392E05DCE63C7C31B5D23FE1E11C1106B5A09DAC6F16C1D28D30B94D37A87130413E571975610DD170B692E627C4242D00B8378C0AD2A83D3856816AE774B9E6BF405C76EAF73E9AAC471E67FBD996B5BCBCB493C5B49E5B7948A19217BA3753AAAD20A8EFEF4ADA316889F7B8B9BABABA97C5BA9A4B894EF925739EEFA5C49516B48AC622310EA46840404182CBB40BD27ADA095C95E8F01EA2AC472A71E3586D1A9B95995C1682C16B37DC32E31F9C0D0620C2D740E91A5EC0F2490E0E0D345A746B35E59B57FCFB96B6F6533F8EF70521B096BBCC43BF038FE03C3EA4494B28820202020202020208CFCC36B1FD35CB3C80864E0BECB531D6943DE1E303E2B87DD883BD74421117947D1DF159DC9EAA9D9F938D8C59D913BBC69C56470FBB1803F122CB73F3718192F3446332F1B4BBE557B49BECC772CE0E2FE36B07AD08562C1CC2924277D789BFB0AC5A1EBFD31C98C5F5CF5FCA3EACAAC3D6880808080835EBC749777C5B002F7BDC2385A3DE713C2D03D2572C43F36F36E4C6EE45AD1D3A47C176353F2E45F7244E8E6B01BBB3C5C2DB5D9522EAD236BD94FBCF653D6ABAC56CE41F34ECB40EA3BB7E5DB37C9F271362BAF047198A58DD58E52CAED0D0E7034DBB516573B0F99C56671D064B15751DE585CB43E1B885C1CD703E8E91D20ED08CBD88080808080808315A9F53E134CE16E3339ABA6DAD85B0ABDEEF69CEF758C6EF73DDD0D08296738B9BD91E6265A179B7F83C363CBC63AD2B590F1D38A494EEE37068D8360FAD1A885B0E4AE90FD29CB7C463646705E4B1FC65F6CA1F1EE3BEE07EE8219EA465B26A8D3B61A8F4FE4307906F159E4217412D37B788775E3B58EA3876A0A0BAA34DE6B47EA7BAC364A3F0EF6C64A076D0D9633EC48DEB63DBB54C3E9E3722DA6F1B2BD63FAC3D36B7715CC7C6CD847B4CE90571CC3F47E0F3F5F269DD5EBE31E30EF51F688080831D93C8363698623590EC711EE8FED5BAC3CDF9D79BC6BACEAD73F7CF5F67FB493E5AF96936A4D5ACD437D09F91E0A41287387766BC6D1D1462BBC47EDBBD43A56DE1E571BA1114239C3A5FF4CF3273B8C63382D8DC1BAB41D1E0DC8F15A07DDE22DF52350F4728F9A394D05A960B96CB24982B87866571E092C746ED86563770919BC11BF774A12BC587CCE2B338E83258ABA8EF2C2E5BC50DC44EE26387F68E90768465ED40404041C3DED634B9C435AD15738EC000DE4A0873985E66349E9F91F8DD3ACFD459BA98DAD809F86649B8074ADA990D7DD8EBE908B8576E6D6539A592C8D95E6BC8E7B537911B8C5D8BDA238638EBC2782104F03BAF8FBFBAA8B0F3727B49FEAAE63E1B14F671DA326F8ABD1D1E05B7E6381FBC406FAD095F608C8823EE6E727F0BCC2C531B23C59E6ED1A463F241B52DAEDF0A503DA8DC7A3A37845CA9CEAED13AB744E54D966ED1F692827C0B96F7A0980F7A293D970ECDE3A4239B46FBEAB77527B6CF0C19B70004D1D7ED3767D4B1357A5E37A9ED118DB5CFB63F67A8662C88DEE1E90A76BB5AFA878B3E368F83E5F9AB403BA1CE3D54A7ED4ED71ECF5271E23ED8B5BE18786E72F71282D652261EADF4F4AD455D1733D41BB6C76D7ECAFB3AFF009485CA9E436A7D6F3C57B7B1C98AD375064BE95BC324CDE96DB31DBEBFBE7BA3B569D0CCAE3E9CD3B87D3B86B6C3E1EDDB6B8FB467043137E92E713B5CE71DA49DE8CB25D082B079BFD37E1E4B05A92266CB88E4B0B9701EF447C58ABE96B9FF00422C208D3382BACFEA2C6E12D4567C8DCC76EDEC0F7779C7B1ADA928AB0392D17CC4E48DECF9FD1F70FCE68B73B8F258A9B6BE360DEE7B5A3A3FDAB06CF78511134F2EF999A635DE1C5FE167FCF8C0F8CC7C8409E071E87B7A5A7DD70D8511B62020D735C6BFD31A2B10EC9E76EC42C3516F6CCEF4F3BC7B91475AB8F6EE1D25056EBFD4FCD8E7A65E5C560E2762B4AC6E0276F139B03195D86EA668ACCFA6DF0DBB3B3A51537F2CB91DA3F42451DC4317CC339C34972B70D05E0F48859B444DF46DEB2865A779BA8B0E74462E6B81FE6ADBF0CC73852BC0E8DC6707ECF0B5BEBA210C27940D2DC30E6F54CCCDB23998EB379FDD6D25988F5960425645104041E3CB61F1597B292C329670DED9CA2925BCEC6C8C3EA703F4A0887527951E5E649EF9B1335DE12579AF870B84D00AF5472D5C3D4F45CB4ABAF273950F3F09AA20733DD135A3C3A9DA5B211F52197AB1FE4E7BE0E4B5417301F66DAD43491E97C8EFD886525E91F2F3CB2D352C7731E3DD93BE8E85B7591709C870E96C746C43F851329283400000001B0008080822EF327A7C65F94F9395ADACF8A7C57F1506DA44EE193FF0DEE45842FE52F1389BCD7B7F7B75DEBFC7597898F8CD29595FE1CB27A5AD207E24256DDEC6BD85AE68735C28E69DA083B0821115939B7CAFCEF2E7383989CBC7BED2CA3717E42D22156DB711EF1F0F73EDDFEF34FB3E8DC54AFC9FE7361B9838E31B836CB50DAB01BEC713B08DDE2C04ED7464FADBD3D04848D5088A276D25FF003139AB6F6BADF2AFB292F6EDD6B3CAE151070BC816B0B7D98EAE1C0D2765769DA8D2ECE9DD3986D3B88B7C461ED5967616CDE18E160E9E9738EF739DD24EF465934152FCDCEA3375ACF198463EB062ACCCD2B2BB04D74EAFD3E1C6DFA51613E72534DFE9EE58602C5CCE09E5B76DDDC8E9F16EBF39D5ED1C607A9125BC2020202020202020202020F0E77170E5B0B7F8B980315FDBCB6CFAEEA4AC2CFF004A0A63C83CA4DA6F9C78CB5B8259E3CB3E2AE41D9DE7D5ADAFF7AC6A352BB88CBE268229E27C3330490CAD2C9237005AE6B850B483BC10828DF3170F77CB0E6CDCB34EDD1B775948CBDC63D86A638E71C62178E9036B483BDA8D265FFF00531FFA23BFE47F31F7BFC6FEEFFEDFEDA2611F7999E5DCDA7359FEA3B2639B8BCF3CCC5EDD9E0DEB76C8DAF471FB6DEDAF52109DB90DCCF6EB8D20C6DE480E7F15C36F926F4C829F97381D5201B7ED02889350518D63249AE79E37904678D992CC476109DFF93148DB7FA38584A34BCB1451C51B228DBC2C8DA1AC68E80D1401197D20202020202020202020201414779C7692E93E75652E6DC787E15F4396B6A6EFCC2DB83FCFC48D2EDD85E437B656F7909AC37313268CFD991A1CDFA8A32D039E1CD26681D2A66B52C7E7B224C18B85FB434D3BF339BD2D8C7D2EA0458569E54F2CF3DCD2D573E432D34D262A39BC5CDE52424C933DDB7C18DC7DF7F4FEE8F50455BFFD11A4BFE916FF00E07E53EC0FF03FEC3EEA32E35C68DC56B0D337B80C9B6B05D37F2E502AF8A56ED8E5657DE63B6FD4828BE33506A7D09A8F223079236D7D099F1D3DD42016C8C6BCB1C40783D2DE269A541469BE72EBCC76B3D3F34B6B9EBB97338C9A39046F9FF32E2198B0F86F6C8685CDE3A7135DD1B90C3CDE59F0CFCBF36ACEEA66F18C6C3717F293B68F23C36BBF8E642574D19101010101010101010101010555F37F85106A8C1E658DA36F6D24B6948E975BC9C4DAFE19BEA4586B79EE7E6667E5B69ED2B83B8BBC75F58C22DF317CC2D8CCCC89BC11361918E2F00B76B8EC286115DC5E5D5DCCD92F6796E5D500BE57B9EFE1276D0B89457E8468ED3F86C069BB0C5E1ED85AD8430B0B231B492E682E7BDDEF3DC76B894659A402828B73CB43CBA479837D6E6764F6D9473F2566184F1B229E579E0901DC5AE040EB08D423F41653C9DE1766A3CE39BBCC1630BA9D038A57D0FADB544959544101010101010101010101010413E6F31826D0B8AC8D2AEB2C8B595EA6CF13C1FAD811615311590D3CDC5BB3D8D19698DBE2CDD43F1D306971640240647708DA7BA83F44ECE7B5B8B5867B47B64B59636BE092320B1D1B802C7348D94237232EE418ACCEABD31846D73196B4C7750B99E388EDEA0E20A0A5FCFED438FCFF003432390C6DE477D8EF06DA2B6B881E248C8644388348FB64D51A847682E7F95FC3FCBF94F6770E6D1F93B9B8BB27A482FF00099FCB1028929691040404040404040404040404114F99CB413F28726FA54DB4F6B337B293B5A7F95C51614B1144174BCB2E69F90E53E3A09A40F9AC259ED5ADA82E11B2425951BE94750224A57A844504E6AE97D4780D71958F3B0CBE25CDD4F35A5E49C4E64F0BE42E63A390FB5469A115D88D435141C38D1A4F5041FA0BCB3C48C4F2FB4EE3C0E13063EDF8DBD4E7461EEFE671465B2A02020202020202020202020208F79FF109393FA98104F0DBB5E29F665614214611A107B70CCCCCB93B7B7C2FC41C9CCF0CB58ED1CF133A43B833808354165BF44F99EFFE4CCFF94707F51BFD7FFCBFB3FE23FF0050889C751E96D3FA9718FC6676C62BFB27ED314A3711B9CC70A398EED69051115E5BCA772D2EDFC7653E431849DAD8666C8DFA2664847D28B956CE61E96C560B98F90D358C7486C6D2E21B58E499C1F212F647C6E738068AF1B9DD08ABF36F136282389828D8DAD6B475068A0465F6808083C19AD4183C1D93AFB337F063ED1BBE6B891B1B6BD4388ED3D8104539DF355CB2C7BDF1D80BCCBBDBB9F6F0F8711F43E6319FE545C354BDF38D683FC169695E3A0DC5DB63FA991C9FB50C31A7CE266BC404699B6F0FDE06EA4AD7D3E1FF00A10C33388F3878791ED6E634E5C5B3491C52DACEC9C0EB3C2F6C250C24CD2FCF4E57EA2E08ED33715B5D3F75ADF56D64AF57E6518EFC2E28986F8D7B5ED0E690E6B855AE1B4107A8A0E501010681CFA95B1F28354171F6AD3807A5F231A3F6A10A73A4397BAAB5843927E9EB51792E2D8C96E2D83C3647364240F0C3A81C7BA7657D08D3BB03CADE60E6F303136782BC8EE8383677DCC2F822876ED74923C06803B36F520B75CA8E4A69CD0168276017FA826670DD65246ED15F6A381BFF0066CFACF4A339489C0D41CA020A3DCF88CE3F9D79B94B68D1736D74DED06189E7EB051A85DDB795935BC72B087324635ED70DC438541465D883A6F2F6D2CADA4BABC9E3B6B685A5D2CF338318D68E9739D4010401CCCF3538EB212E3743C6DBFBADAD7E5E607E198777E4B0D1D29ED346FA517086F0DA3F9AFCD9CA3B207E23242A43F2D7CF2CB58F6ED6B091C3B3F7626A2A63D3BE50707146C7EA3CDDC5DCC477E0B16B608C1EC7C8247BBD3408996E565E5939416C07898C9EEC8F7A7BA9CFD218E60FA90CB27FFD01C9FA53F4D5BFF1CDFEBA1960737E56B9577EC77C1C1758A97DD7DB4EF7B6BDAC9FC51F4510CA2DD55E5235659B5F2E9EC95BE5E21ECDBDC0F869E9D8497C6EFA5A865A3D96A4E7072B320CB57C97B8815D96178D32D9CA07EEB5C5D111DB1945582E55F993D3DAAA487139F6330B9D9086444BBFE16E1DD0237BBD871FDD77A8944C2674410429E6BF3ECB0E5CC38A0EA4F98BC8D9C3FF00756FF9CF3FC4D60F5A2C317E50308F834BE7334F6D3E6178CB788F5B2D586BFCD29FA1094FF44410101010564F367CBEB8F8AB5D71671992DCC6DB2CB068AF01693E04AEFB278B80F6D1161E8E507995D3D8CD2F6D82D64F9E2BAC734436D908E27CED96068A461E19C4F0F60EEEEA1086194D5DE6DF4D5A44E8B4AE3A7CA5D1146DCDD036F6E0F5F0FF0055DE8A350C214C967F9B1CDCCC7C27FC4E548702CC7DB34C765057602E15F0DBF7A435ED454D1CB7F2A98BB074592D6B337257628E6E2A0245AB0EFF00CD7EC74BE8D8DF4A2653EDA5ADB5A5BC76D6B0B20B789A19143134318D68DC1AD6D00088ED4040404041E1CCE13119AB0971F96B386FACA51492DE7607B4F6EDDC7B46D415679D1E5C6E74E43367F49364BCC2B2AFBBC71AC93DB346D2F611B6489BD3EF37B422E590E49799018C860D3BADA77C962C019619A755EF89BB84771BCB983A1FBC74ECDA86162A2D69A3A6B6F8A8B3B8F7DBF0F178A2EA1E1A52B52789115079F7CC06EBCD7B1DBE189BAC66380B1C670027C79A478F12460E9E37D1ADEB0075A350B63CB4D24CD25A1B1181D9E35AC00DD3853BD71212F94ECFB6E34EC465B3A020202020F0E6FE4DF28BCF9D783F29F05FF1DF13C3E0F834EFF89C5B2944153350695F2CD7B7B24D87D6D758989CE24DB7C0DE5D44DDBBA32E85AFA75778A2BBF4E69AF2BB6170C9731ABEEF32411485F697B6D01FBC23838A9E97A0B39A33F467C860FD21F07F26A7E57C070785EBE0F7BAF8B6A233C101010101010101070EA536EEE9AEE415239B9A7B90D7F98BCB8D3BAAA0C365DB2385E5936D6EE7B07C95EF18DF6F13DAC35DFC05CDEC08A8824C3631B216B73B8E91B5FEA06DF01F5DA03F522A68E4060794F63AAAC2EB23A9A0CAEA791DC388C7C76D7715BC5352BC5E2DC43135F2D2A195A7654A24AD78441010107FFFD9');

insert into MemberImage (imageid, member_id, contentType, data) values (3, 3, 'image/png', '89504E470D0A1A0A0000000D494844520000009C0000009C08060000008AB8C24D000000097048597300002E2000002E2001D51C1E1B0000000774494D4507D20A0F061619FD8F7ED60000200049444154789CEDBD797C55D5BDFFFDDEF399429293309310669041A4A0828A8AA2A245AFB55A5B6B1F87F6D65FB5F76AEBD37B9FDBF65E6E1FAF5A156D7DEA80BE54AA16ADBD5A058B28A25026454108326A12022121643C39F3D9C37AFE38491A4C0219CE490EC8FBE5E6657272D65E67EFCF597BADEFFA0E921042F035C6B22C128904F1789C6030482C16231A8D128FC7711CA7DBED499284CBE5C2ED76A3EB3A5EAF178FC7836118A8AA9A864F7072F1B5BB028944828686060E1F3E4C797939870F1FA6A2A282DADA5ACACACAA8ABABA3BABA9AFAFA7A128944B7DB571485BCBC3C060F1E8CDFEF67D8B061141414306CD830860E1DCA9831631832640883060D42555524494AC3A7CC5CA4AFC308170804D8BD7B37C5C5C56CD9B2858A8A0A8E1E3D4A757535814080582CD6A3D1ACABC8B28CCBE5C2E3F1307CF870F2F3F3292C2C64DAB4699C73CE394C983001BFDF9FB6F36712A79CE01CC7211289505F5FCFB66DDB58B972259B376FE6E8D1A3442211A2D128B66DF77737511405C330F0F97C0C1C3890E9D3A7B370E142CE3EFB6C060E1C88DBED465194FEEE66CA3925042784A0B1B191F2F272F6ECD9C3BBEFBECBDAB56BA9A8A8C808717515599619366C18175C7001F3E7CFE7ACB3CEA2B0B0909C9C1C6459EEEFEEA584935A704208AAABAB59BF7E3DEFBDF71E5BB76E65DFBE7D442291FEEE5AAFD1348DC99327F38D6F7C830B2EB88079F3E63162C488937ECE77D20AEEC08103FCF9CF7FE69D77DE61DFBE7DD4D4D49C54A35957511485DCDC5CC68E1DCBD5575FCDB7BEF52DC68E1D7BD23E6E4F1AC1092168686860FFFEFDBCF1C61B2C5DBA94BABABAB44EF6330D5996F1FBFD2C5CB890BBEEBA8B51A346919D9D7D523D6E335E70420882C1209B376FE6F5D75F67E5CA9554565692E1DD4E3B0505055C79E5952C58B08079F3E6919595D5DF5DEA12192D38DBB6D9BE7D3B4B972EE59D77DEA1ACACEC6B35A29D08599619316204575D7515B7DC720B3366CCC87CE3B2C8404CD314070F1E14F7DC738F282C2C14BAAE0BE0F4D1C9A1699A282C2C14FFF22FFF2276EEDC294CD3ECEF5BD829192538C771C4C18307C592254BC4B469D3842449FD7E334FA643922451585828962C5922CACACA846559FD7D4BDB9131824B241262CD9A35E2DBDFFEB618306040BFDFBC93F9F0F97CE29A6BAE112B56AC10B158ACBF6FED316484E01A1B1BC5238F3C22264C98201445E9F71B762A1C8AA288A2A222B168D122110C06FBFB16B7D2AF828BC7E3E2830F3E10575E79A570B95CFD7E934EC543D33471E185178A77DF7D57442291FEBCDD420821FA65952A9A6D6AAFBFFE3A0F3EF82065656569337348802249E8CD478BB9540096808470B0011B8123DABEABE5AFBA7E1ED1FCAF2A49A8486812E892842A49B458CA6CC016028BE4B94D91FC399D37419224468E1CC99D77DEC9EDB7DF4E6E6E6E1ACF7682BEF487E0CACACAF8C31FFEC04B2FBD444D4D4DDACEE39665466B1A67B90C86A82A59B28C2AB588031202428E43D071A8B76D6A6C9B2AD3A2CEB6093A493174450A52F3B986AA2A233595424D255751F0C9322E49469324D4E673DA084C01A6104484438D6573D8B428334D0E591671C7499BF87C3E1FB7DD761B77DD751763C78EED976DB23E159CE3386CDFBE9D5FFDEA57AC5BB72E2D7B9E12126E19CE300CAEF07A99EA32C85514342424E91F6317343F7384C02639DA9908628E43C071A8B26CBE4C2438649A54DB3601DB212E04961038800EE8B2845F5198A0EBCC74BB18A96964C93246F3482A4B129DDDD296679E25040921083B0EFB1309FE1E8EB02D1EA7C14E8EBCA4F8F6B85C2ECE3FFF7C7EFDEB5F3367CE9C3EB7DBF599E0C2E1301F7EF8213FFFF9CFD9BF7F7F5ACEA14A12859AC677B2B2B8C0EBC62BCB9DDEF0AEE2901464CC11441D8784488E522E59C685845B96D08E23AC6ED12CFA12D3E49D509875E1080DB6D3A551B6BB141515F1C0030FB070E142BC5E6FCADBEF8C3E115C5353137FFAD39F58BC7831A5A5A56999AFA992C47497C177070C6086CB8592614E155FDD1F91E0B8220D390E1F8423BC1D0CF145C2C44E83E8860F1FCECF7FFE736EB9E5963E9BD7A55D709665F1C4134FF0D0430F5155559506B125479771BACE5DFE1CA61A3A4A06B8F0984270C4B2396026A8B593F344AB797120012E49225F5119A9AB0C57D50E47E38410EC8CC779A1A189CFE371441AC6BAC1830773F7DD77F3939FFC84010306A4B8F5F6A44D7042086A6A6A78FCF1C779F4D1478946A3E9380D20E193257E9697CB3CAF974CF19BA8B16D3E8AC428374D6A6D9B6ADBA2CEB209383666F3159749AE6287A82AB3DD2EBE99E565B0AAD2567A022837133C52DBC8E789384E1A6E97DBEDE6E69B6FE6BFFFFBBF19326448CADB6F4B5A042784A0A2A282C58B17F3DC73CF110A85527D8A6338D3E5E2C141F97833CC4D47004EB30924E438949B261B2351364562545A56F36895FC5741E21C8F8B3B727328D2B4766DED88C5595C574FB969A66515ABAA2AB7DE7A2BBFFCE52F292C2C4CDB0A5659B468D1A254375A5353C3830F3EC88B2FBE48535353AA9B3F0619896BB27CCC70BB5233714F2112C995AA2A49789ACD26530C03972CB32F9120DAE6BB2E801ADBC127CB4C368C76D302BFA220803DF104F1348C728EE3B07FFF7E9A9A9A9832650AD9D9D969115DCA87846834CA030F3CC0F3CF3F4F636363AA9B6F87579638D365649CD83AC323256D833E59E6AB86E584E370C034893AED05A54B12E779DC4C36D2F75943A1102FBFFC32F7DF7F3FB5B5B56939474A05D7D4D4C4E38F3FCED34F3F4D381C4E65D39D3256D7199EE93E60CDD840A965B22214A2D2B2DABDEE9365C6E93A6EB963490D5555CEF3B8F1A5C0DCD319A15088E79F7F9EC58B17A7E5E994B23BD5D4D4C40B2FBCC0EF7EF73B62B158AA9A3D2E3230C9E8FC06651236B0351AE34F812676C5E358CD8F4519098F2C315455B9D0E3E132AF17BD934799044C77B918AEA9EC8D773F48BBCB7DB56D9E7CF249727272B8E38E3BC8C9C94959DB29119C6DDBFCF5AF7FE5D1471FA5BABA3A154D7609AF2C3346D7D0A5CC5A2C748410825ADBC62B271F8DBA249125CB0C5255062B0AC35595024D3BE1976798AAF00D978B7DF1445AF75F83C1208F3FFE38797979FCE0073FC0308C94B4DBEB55AAE3386CDEBC991B6FBC91C3870FF761AC81C4385DE317F97E26E87A1F9DB37798CD2B56A9CD2123214BDD9BDB949A26775655134EB3BBBD2449141515F1C8238F70CD35D7A42452AC57438310825DBB7671CF3DF7505151D1A7812D3282024D6390D27E90B6051C32AD762BC1FE469324DC92844B92309ABD57D46E8A0D60A4A6F10D97ABD9E49DBEE9841082B2B232FEEDDFFE8D1D3B76A4A4CD5E09EED0A1433CF2C823141717A7A433DD4193650A3595014AFB8F5069593CD9D0C843B5F5FCB52948228344970A1460AED783576EF17B492F252525DC77DF7D1C3870A0D76DF55870E17098975E7A89B7DE7A8B783CDEEB8E7417AF24315AD3E96890DF168BF14934C617099357024DBC150CA5FDF1D3D74CD27546F7D1544208C1BBEFBECBD34F3FDDEB956B8F160D420856AE5CC9430F3D9476C36E67F81585F1467B8BBC20B91A4C88A4C0028EE0D986463E8FC7F9A6CFC7683D6903530124A9D53D292A044DB64DAC7934744912D98A82A7D970DBF2F0CA94B172B0AA70AEDBC5178904D13EF8324522119E7BEE398A8A8AB8F5D65B7BBC88E891E0CACBCBB9FFFEFBFB4D6C00233495BC0E26B1B61054DBF631E28809C1BA70849DB138535C0623358D6C59462669AE08380E472C8B030993BAE674117E45618CAE51A8690C535506A90A43D5A4636526AC897549629A613058553890E89BD1BBAEAE8E279F7C9233CF3C93D9B367F7A88D6E0BAEB1B191C58B17F3F9E79FF7E884A96292A1637464AF922414E91FEEDE2D3840AD6DB32E1C4191243492ABB096BDCEAFBA79D7D949074C4D92F0C932036499A19ACAE55E2FE7379B35FA9BD1BAC6784DE760C26CE7FE940E5A16898B172F66E9D2A5F87CBE6EB7D1AD2FAB699ABCFEFAEBBCF6DA6B581D58CAFB0A05986AB83A7D6D82AE2377F2F06BF1B28D0A41C47188357BF176F4D749377441BD6D73C034F9341A676B2C96312B5F9F2C739EC78DA7838553BA701C87952B57F2E28B2FF648035DEE698BBA9F7BEE398E1E3DDAED13A592018AC228ADE3C159022EF27818AA6AF4C60F5722E9D4E99124F21485D1BAC67CAF87853E1F5919E49532C3EDA2506D3F974D27D16894A79F7E9A4F3EF9A4DBA6B02E3F5263B1182FBCF0025BB76EED760753CD585DC3751C8BFC7843E75B037C2C0B04A973EC4EE202A4631EBA8A04D9B24CBEA290A7280C541506A92A7E59265B51C8571446686A46890D60802C33DBED664F3C911657F4CED8BF7F3F4B972E65ECD8B10C1C38B0CBEFEBB2E076EEDCC94B2FBDD4A344CBA9232992E423B373C1B96589053E2F862CF1526313D5964DDBF99C04F864897186CE384D67B8A6325453C896157C928C4B4E1A665D6D56A8998A049CE771F1976090A63ECC8F178FC759B16205575C7105D75C734D97538675696BABAEAE8E1B6EB8810F3EF8A0D71DED2D6E59E697F9795CE071774908074D933F3636B13D1EA7D17618A42A5CEEF57099CFCB1055CD8815676F89380EBFAB6FE4BD5098F4051976CCAC59B358BE7C79973D854F78BD85102C5FBE3C231EA5909C280F54952E8F3A859AC6CFF372B9C79FCBB7B2BCDCEDCFE1E6EC010C3B45C406E0926566B90C7CFDE035B375EB56962F5FDEE5B9DC09AF79494909AFBCF20AC160B0D79D4B050364194F374D129EE6D5DCEDB939CC72BB3322C82695C8C0584367A4AEF57970B3E3383CFBECB394969676E9EF8F2BB8783CCEDB6FBFCD471F7D94318900157AB65DDD122975AA8C6A5F65B8AA32CD3048AE57FB5674BB76EDE2E5975FEED2FCFEB8D7FFC08103BCFAEAAB1933BA01049B6D67A739165D9298E172E15714A43E9EC745A351DE7AEB2D76ECD871C247EB7105B76AD52AB66FDF9ED2CE9D987F788B75B43E6CB06D0E24D213B974B233C1D019A969FD726DF6EFDFCFEAD5AB4FE8EDDDA9E01289042FBEF862DA3C415AB21A69CD7E61862461C8125E59C2AFC8E42A0A6E39F93B434E9A27001208D646A2D8A715D78E2C59E66CB7AB5F92D484C361FEF6B7BF9D7053A0433B9C1082D75F7FBD574E7712128A24E191204751C85564F2149561AACA6055214751C89625BCCD8B005D965BE76772F3056BBBBFB93C186269630047C0E668940F2261E6793CAD423C4DF32E8BD7C3D24080603F7C23B76CD9C2F2E5CBF9E94F7FDAE9DF7428B8868606962D5BD6E3858221498CD274261A3A930C9D71BAC64045C527CBED727E74C5E5C701CADA0400DB42B02C1024575638CB659C165D1BF21485A986C1A648BA321D748E65592C5DBA941FFEF087B8DDEE0EFFA6C347EAC71F7F4C71717137F6C9FE71C3B31585EB0764F1F3BC5CEEC8CDE60A9F97B1BA4EB6D25E6CD035FFB288E3F065C23CE677E5A6C9F38D01B64463AD1150A749DED099FD98CC67D7AE5D6CDEBCB9D3D7DB092E168BF1FEFBEF535959D9AD136992CC54C3E0DFF3FDDC9C9DCD0443C793A2F8C9C39645E82BA3AD2D047BE2711EADAF67595313B5B67D5A78CD4C3474BCFD14C996482458B66C59A773FF76BDDABB772F6BD7AEED96EB8921495CE275F38B7C3F73DCEE94C789D65A367607627280A396CD0B8D4DFCFA682D6F0443EC4B2488A4318BE4C9408EAC304453FB650F5808C1C68D1B3B9DFF1F3387B36D9BE2E2E26E250C542489391E37B7E7E430584D4FC1B1F80972E0DA42B02B1EE7CB8449A1A632C36530DDE562BCAEE357E4536E67E144B86489818ACA17F48FA3454545059B366D62E6CC99ED36F58F115C2C1663EDDAB5DDCA763456D7F85E7656DAC406C91D82AEF86CC485C3178904074C930F23110A548DB35C2ECEF7B818A16919E1A5DB17E89244B62CF55B1046381C66CB962DD4D5D5B5735D3A4670B5B5B5AC58B1A26BAD4A304052B8362B8B311DA4974A252334154382AEEE77984270D4B2A9B16CB6C762BC169419ABEBCC72B998E13218A26AF8E4CC773DEA292AC9A439FD35AF1042F0F1C71FB377EFDEE30B6EDDBA75D4D5D575A95149C0485D6592A1A7DD2C31445519A169D476D3DF2B99351C9A6C876DD1383BA271F2D56412E8292E83319AC6283D1950A39D62A35F7F7F9CC3870FB36DDB36CE3DF75CB4360352ABE02CCBE2DD77DFEDB229442229047F1F148AD52589CB7D5E76C5E3983D5E8926C301AB2D8B6ACBE2E368B4D5757C9CAE738661305ED7C8CE90A8ACDED2DF8BA6783CCEFAF5EBB9EDB6DB3A165C7575351F7FFC71971B949AB7A2FA221437E9D5EAE6D3989B75E1684ACC1F7121A8B42C8E58169F466378649961AACA1497C1592E23693B94E5D6C76EFB6C6E998B808CD8FADBB06103A150E8985AAEAD82DBB87163B792D00901E166CF8D8E6DCAA9430039B2CC3FE7E4902D2BAC0B47A9B3531335E6908C5B8DD90E0D4E9C5DF138FFDB2431505198E63298A21B8CD63586692A39F2C9B1E2359B0B9EB4AD8F23D13E937ABA397AF428EBD7AFE7861B6E68FD9D0A4927BA6DDBB6752BF1B3008E5836B5B64D6E1FD55F1FAAAAFC5FD90398A0EBBC110C529230B1C45723507B8A688DB5B184A0CAB23812B2582B4518A8AA8CD575CE74194C6DF6C8E830263643480841A0D516998C3A9BE13668B06DF6274C9AEC7424E16F8F10820D1B3670FDF5D7B73A14A800F5F5F5ECDDBB17D3348FDBC0318D21386C5A7C993019AD779CE3231DF81585CB7C5E8A3495BF85C2AC8D4409DA2DDFDDD45E4601C40554982695A6C5A7D128C35495B3DD6EAE1BE0EB30F23F13880BD19A414042304AD7B83D271B04EC4B24D8188DB2251AA3B10F84F7E9A79F1289445A8B8FA89074B43C70E040B7630C838ECDAA50986986C1F04EE244538D20E9F53BD13028D274E67A3CFCA5A989CFE309224E3A02E50412120E829023D89F4850629A6C8BC5B835279B192E23E356B8F5B64DB56501024D929866E80C5255146088A632DBE3A6DCB458190AB13112A5DEB69B1763A937DC959797535555C5D8B16301908510949696525555D5EDC604F0793CCE3BA1706BED81BE2259504DE26CB78BFF273F8F5B72B25B3384A79AAFCAD81682BDF104CF3434B23BCD99287B42A9F98F0437398AC2791E77EB134822B915395ED7F8496E0EBFCCCFE39B3E1F23342D2DABF35028C4279F7CD2FAB36ADB36070F1EA4A1A1A1470D9A42B0321466BCA1715E3F05A8F815856F65F998E132D81C89F16E38C461D34AEB24D941506A9AAC8B449860E8B832649413C0E7B1042D4B86F3DD6E46756298D7A56406F831BAC6797137ABC261B644A20453B8171D8FC7D9BD7B77EBCF6A381CA6A4A4A45BF3B7AF5267DBBC1C08E29365A6BB5CCD793DFAF6066892C4585DA750D398E936782F1C667D244ABDED74B8F19F0A6C017BE309628EC09521C5BDC28EC38E781CA9F97AFC5396EFB8838044D2537896DBC5385D63ABDBCDF26088DDF104A6E87DB125D33429292921140AE1F3F95083C160AF331B0A605F3CC1530D01FE4F6EB2C85A7F184F5B1E176718061375836B7D26AB9A8577D4B2D2107C934C141D130E692879D123CA4D9306DB66B4A671476E3685BAD6A5999904E42A0A977A3DCC76BBF830126179304C79C224267A3EE2398E43555515B5B5B5F87C3EE454088EE6B2635F2412FCB1314069BFA68348224B3052D7B825279B5FE4F9B97EC000CE308C946FE0871DD18BDD8FD4A34B12B33D6E7E949BCD34C3E891C1DA2BCB2CF0FAF8BFF372B976808FC1AADAABC440757575ADB10E6A2010E8F2FEE9897084A03816E7B9C600FF273787024DEBF7CD71439298EA3218A7EB5CECF5F04934CADA4894D284D9A684504F052311719C8C49DF05C94C0377E5E632B0976E598A942CBA32445599A0EB2C6908341733E9FE670D0402AD9B0AEAA14387529AC9D246B0251A4321C0EDB9D98C4CD3EAA73BB4AC68C7EA1A459ACA7C9F97CFE3713E0845288EC709394EF37CA5BB24F767BF4C24189F21A9FB0D4966889A9AAF79CBFCEE42AF07972CF3FFD53770B807C5E51A1A1A387CF8308EE3A0D6D4D4A43C14D01482CDD12802B83D279BD17ADFE62F3B1EAA2491AF285CE4F130A739CDD5C7D118BBE271CA4C9326C7E9568948097827146686CBC5908C28C194FAD13619276170E3802C9E6B0CD0603BDD3A4F24122110082084403D78F060CA3B08C9FDBC8FA25104821FE7E63032CD3E733DA1C52C30C9D0A9B66CF6C4E3EC88C7F93C16A7C2B2BA34371348EC8927783910E4E6EC2C066784E8528F26499CEB76F3692CC6FA6EC605DBB64D636323A669A28C1C3972D1CE9D3BD3D24907A8B46C8E5A36639A23B7FA7B4ED7118A2491ADC88CD292FBA533DD6E261A3A0ECD8B028EFF7DB681439695CC5DE7EA24F7F029805B96890BC1F678ACDB2534C78F1FCFC5175F8C9AEE4CE496804D91288DB6CDED390338D3E5CA588F0B45822C49264B4FD6F09AEFF35067D914C7136C8946F93261D2603B841D8784708E312C471DC15F832126EA3A177A3DFDF619D2890C4C7719E4292A4D76F72C118D8D8D241209D474D5C5FC07021B895DF1044F3606F8514E4BDC64E689EEABDF59058941AACAA5AACA5C8F9B6ACBA2346171C03439689AD4D816412799945A2199A6A2EF7250F60F7E456190A250D6CDF75996955C34F4640FB5FB081CE08B4482A71B02DC9CED70BEC7735205B5E8924481A63142D39823DC841D87A0E310150E8E684E072627FDE84E653409727B9035BDA9A909D334935B5B7D8510509A3079AA21C051CB61419697EC0C4BD27C2224409740536472FA305D7DA620418FBC63EAEBEB89C562C87D293848EE491CB56C9E6F0CF05C43806AAB6F9C0153C9C9D6DF54D34185F413128FC7938FD4EE78F9A60A812026E06FA11041C7E1FA01594CD0F57ECB87719AAE638B6452C8EE629A268EE3F4E72640720F725D24C2EFEAEBD9188D627DDD878E9380A81034383D5F1AF5FB24C46A7666FC7F6BEA78A131408D65F769818BD3748F1ACBA6CEEA85E0B40CD901880BC1AB4D4D3C5EDFC0F658FC942BAA7B2A2048E6E90B8B9EBBB6CA3DA908971E928FD88DD128BFAF6FE0AFC160B7ADD9A7492FA610942412447BB06A300C034551907B5A68355D5802CA4C8BE71B9B78B0B68E7D894446F99B7D9D69B06D4A4CB34781E8BAAE23CB3272770A73F50D02210451C7E1C37084DFD4D4F14630C411CB3A3DB3EB470470D0B47A9C417ED8B061783C1EE4A14387A6BA6F29C3010E9926CF350478A2BE914FA2D1D3351AFA898410EC8A27A8ED612CABA669C8B28CEA72755CE8B6BF70B95CF8FD7E7C3E2FB5B57534353511B32C3644227C99487081C7C33559BE3E8B833D0D80A0CEB2F9381AED7138A8CBE5425114D4418306A5B66F3D4055550A0B0BB9F6DA6BF9CE77BEC3E8D1A3D1759D5028C4A79F7ECAABAFBECA7BEFBDC7E1BA5A5E0B06F9201CE67B39D9CC76BB18A42819E908702A6103EF86C3EC4B24E8E93E8BDFEFC7300CD4C2C2C29476AEBB689AC6F9E79FCFBDF7DECBA5975E8ADEC6553B2B2B8B850B173277EE5C5E7EF9651E7BEC314A4B4B396ADB3C5DDFC84697CE3CAF87592E1703D5FEC9697BAA2380BD719355A1708FB3564992D43A8753478C18812CCBFD56BCADB0B0905FFCE2175C7AE9A5A89D78CB66676773FBEDB7E3F178B8EFBEFB282D2D25261C3E8DC6F82261B2C9887185CFCB592E03DF49E60C90E91CB12CFEDCD4C4D15E14FF555535192228CBA843860CC1E3F1742BAF6FAA902489F3CE3B8FB973E7762AB6165C2E1737DE7823008B162DE2E0C18308A0D1B6D91489B2331EE70C436781CFC7375C061E59EEFF6D94939CA396CDB2A6201F4563BDCA37979595455E5E5E5270C3870F273B3BBBDF043773E64C3C9EAE79C8BADD6E6EBAE9261CC7E1DE7BEFA5B1B11148468AB5086F6B34C6D91E37177BDC9C61180C5294D3956ABA89209929F4C54013ABC361E23D710F69434E4E0E43860C419224648FC7D3E5F2D1A9469224727272BAF51E5DD7B9E9A69BF8E10F7FD89A02AA2D7121D81089F2FBFA467E57D7C09BC1101566D702624E93CC99529248F05C6313EF867A2F3680DCDC5C060F1E0C80ECF57A292828E875A33D4108D1A3985897CBC59D77DEC955575DD5AE0E404BBB013BB98C7FBE31C0037575FC2910A43461F67916C893094B08B645E33CD9D0C887E1704ABEA49224919797477E7E3E00726E6E2E93274FEE9792874208F6ECD9D3ADAA372D8C1C39927BEFBD9759B366B5EBBB24494852B24C6DC871D8198BF3C740807FA9AEE6BE9A3AFE1E89526559A7F76A8116F7FFA396CDD24080DFD4D6B12D9A3AE7095996292C2C6C159CAAEB3A050505783C1EFADCFB57088A8B8BA9A9A9A1BB3B1E9224316DDA347EF4A31F515959C9A1438770B95C8C1E3D9A891327128D46292E2EA6AAAA0AC749C61D34398235E1081F45A38CD5F5E68A3506855A327BF9A91D8DD0310147B02316656528CC27D1581BC36E6A9213EABACEB871E35ACD5D6A5B05F6B5E000CACACAF8E4934FF8E637BFD9E1E3F1781886C1F5D75F8FAAAAAC5EBD9AA2A222E6CF9FCFA4499388C562AC59B386DFFEF6B7ECDBB72FE96397FC8F9023D81E4B46DBBF1F5619A36B4C310C66B85C8CD054F453B460485B6CA02491604530C4C7D11847ADF4E4D373B95C4C9D3AB5F567490821F6ECD9C36DB7DDC6471F7D9486531E1F4DD3F8C10F7EC0FDF7DF4F4F773D128904E170185DD771BBDDADC28DC7E3AC5EBD9A3BEEB883CACACA4E53CACA804B96F12B0A93749D996E17530C9DC1AA8A2249C8F475B6BBF4610B418DEDB0261CE6DD5084C3968595823C709D3172E448366FDEDCFA0453162D5AB4C8E572B161C30676EFDEDDED3CBFBDC5711CCACBCBC9CDCDE5ACB3CE3AA13DAE231445C1ED76A3EBFA31F33955551933660C454545141717535F5FDFE1E713245353343936A5A6C9A648940F2251F6C51334D83609219049E625514ED2D1CF128223B6CD3BE1084F3734F061244A836D93EEBA8BE79E7B2EB7DD765BEB7D55162D5AB4C8300CBEF8E20B366EDCD8A3097C6F8946A3ECDDBB97499326316EDCB8942E60645966E4C891E4E5E5B167CF9E2EA52613246B37949B269FC5E26C8BC5D91D4F506E9AD4DA365147A048C95A5D72860BD0165061597C1889F25A5313AB42116AFA286D3EC0CD37DFCC25975CD2FA73EB70F28D6F7C03B7DB7D4CAD0649925055B5DB73AB8EB06DFBB8622E2F2FE7B7BFFD2D679C7106A3468DEAF5F9DAE2F57AB9EEBAEB505595BBEFBE9B9A9A9A2EBF37D15CB3A1CAB2F93416C32BC9642B3283559511AA4A91A631D6D018AEAA64C932AA44AF92F7A58A4473A59D8D91289BA351CA1226A13EAE23ABAA2A175D74D131BF9344F333A6B1B1910B2FBC90E2E2E2D617A74E9DCA4356966B08000012BA494441540F3DC48811237A35EA388EC3175F7CC1CB2FBFCCFBEFBF4F30D8715D40C330B8F3CE3BF9CD6F7ED3A151B7B75896C54B2FBDC4AF7EF52BAAAAAA7A357D68A9EEA248121A90ADA80C52158A3495519ACE704DC5AFC80C90155C92842A251FC92DA5945A8EB6C9EA8F97AD524234D794F907826470B98920210411C7A1C6B6D9198FF35934CE17099326C76E9EA3F53DE3C68D63C3860DC7CCCD5B47B8ECEC6CE6CD9B778CE0F2F3F39933670E03060CE8F5C9A74C99C205175CC0238F3CC233CF3CD3BA2DD596783CCE8A152B983B772E575E7925A90EF05155951B6EB8816030C8C30F3F4C4545458FDB12CD872392D995A2CD75BB8A633164494293247C9244AEA2304455C85314FCCD874F96F14A326E59C22DCBE8523295842649B4F8BC286DCA9DDACD8249088129928FFBB0E310721C02B64DB56D73D8B238689A545916415BA47D6E76222449E2924B2EE1AB31336ADB3FB8F2CA2BF9C31FFED0FAE83B7AF42895959529119C24490C1C38909FFDEC674892C433CF3CD361AAFEB2B2321E7CF0411CC7E1EAABAF464971AE0EAFD7CBF7BFFF7D82C1208F3EFA28F5F5F52969B7ED18620B812D0431A0D6B6F922F18FD150259906D625CB1892845B92309A0FB559741260C8C9D5B10598CDF94BE2AD827308394937FC88488E6E763F8D629DE1F3F99833670EED6266441B8E1C3922264E9CD8F2E51583070F166FBCF18648258EE388AAAA2AF18B5FFC420C1830A0F55C6D0F599645414181F8FDEF7F2F6A6B6B856DDB29ED831042D4D4D4887BEEB947689AD6611FFAF39040C82064242165407F7A729C75D65962DBB66DEDAEFB31828B4422E2DE7BEF15B22C0B400C1C38502C5BB62CE5375B0821C2E1B0B8EFBEFB84DFEFEFB4D3BAAE8BCB2FBF5CAC5FBF5E589695F23E343535899FFEF4A762F0E0C1AD9FF9F4D1FB43966571C71D7788A6A6A676D7FC18C1D9B62DDE7CF34D919F9F2F144511D75D779D28292949F98D6E7BC3EFBBEF3E515050202449EAB0F38AA2886F7DEB5BA2A1A1212D7DA8AEAE16CF3CF38C983F7FBEC8CECEEEF6C56DE9B72CCB42D775611886300C43E8BAFEB515715E5E9E58BA746987D7FB182BAB2CCB4C9D3A95B973E7E2F7FBF9D9CF7E46515111E9222B2B8B3BEFBC9361C386F1E8A38FB27BF7EE769EC7B66D5359599936FBE0A04183F8C10F7EC085175EC8D6AD5BD9B87123C5C5C5949797D3D4D4D47A5E555571B95C646767E3F7FB19346810F9F9F9E4E7E7E3F7FBC9CACAC2308CD6D5BC10824824426565259F7FFE39DBB76FA7B2B21297CBC58C1933983E7D3A43860C212B2B0BCBB20887C3D4D4D470E8D021CACBCBA9A8A8A0A9A9894422D17A4D14452137379733CE3883A14387B26DDB364A4A4AFACD5BBB33468F1ECD79E79DD7E16BEDCCFA4545452C58B0803163C63071E2C4B47B91E4E4E4F0FDEF7F9F59B366F1C0030FB07AF56A0281406B2926AFD7CB95575ED96EB5934A0CC360FCF8F18C1D3B966BAFBD9668344A381C261008B4EE2F7B3C9E5651E9BA8EAEEBC94872596E3DBE8A1002DBB689C7E3AD35E073737399356B16595959288A728C405B6C95D16894C6C6460E1F3E4C7D7D7DEB0EC9A0418318356A1423468C40D3345E79E515FEE33FFE2365753652812CCB5C7AE9A58C1E3DBAC3D75BED706DF9ECB3CFF8E8A38FF8F18F7F9C12A36F570987C3AC5DBB96356BD6505A5A8A6559CC9A358B5B6FBD95FE0EF6C9341CC7E12F7FF90BFFFAAFFF4A7575757F77A795010306B065CB16264C98D0E1EB1D6E5C4E9C3891952B57525555C5F0E1C3D3DAC1B6B48C66F3E6CD23180CE2380ED9D9D9645AEC6C2660DB36555555FDE2E1733C2EBAE822C68C19D3E9EB1D0E5F6EB79BF9F3E7F3F6DB6FF7F9FC409224DC6E3783060D62C89021B8DDEE7E710ECD7442A110FBF6EDEB56D9F874E3F3F9B8F5D65B8FEB80D1E9F372E6CC99D4D5D55156569696CE9DA677D4D6D6525C5C8CDD8BF0BD54224912975D7619B367CF3EEEDF752A38599639E79C73D8B46953AF6AA99E26F508213872E4480AAA40A60EBFDFCF82050BF0FBFDC7FDBBE3AE08A64C9942381CA6BCBC3CA59D3B4DEFF9F2CB2F53B62DD75B244962C68C19CC9B37EF84FBDFC7155C7E7E3E0505057CF6D967292F00779A9EE3380E5BB66CC9987B929393C38D37DED8259BED7105A7280AB367CFA6AAAA8A43870EA5AA7FA71C8EE3505D5DCDAE5DBB28292939AE1062B118895E1630B62C8B4F3EF9A4CFBDB33BE3820B2EE0DA6BAFED9209ED84FEDC7EBF9F33CF3C93356BD63066CC98D32BC60ED8B163078B172FA6B4B4148FC7C3A5975ECA77BEF31D8A8A8A8EB95E6565652C59B284E1C387F3DDEF7EB73574AEBBD4D7D767CC62CEED7673E79D77929B9BDBB5377465BF311A8D8AFFF99FFF113B77EE4CC9FEE5A9446565A5B8F8E28B85A228AD7B8959595962DEBC7962D9B265A2BEBE5E44A351F1FEFBEF8B2BAEB8421886210A0A0AC41B6FBCD1632F98BFFFFDEFC79CAFBF0E4992C40D37DC2002814097FBDE25C10991745D5AB46891A8A9A9E9D1453A15711C473CF6D863C2E3F174EA353164C81051505020DC6E77EBEF0DC3108B172F16F178BC47E77CF8E18733426C93274F161F7FFC71B7FADFE57D2BBFDFCF942953D8B87163AFE720A712A3468D62EAD4A90C1D3A14BFDF7F8CA1DA711C8E1C39C2A143878E31D0FAFD7E468E1CD923E752D334D9B3674FCAFADF53B2B2B2F8DEF7BEC7E4C993BBF5BE2EC7E4699AC6ECD9B379F3CD373970E000E3C78FEF76274F355A8C9D23478EA4AEAE8E582C465555156FBEF9266BD6AC21168BB57B8FCBE5E2AAABAE62CE9C393D125C2698A92449E2ECB3CFE6A69B6EEA7EEC49778643DBB6C5A64D9BC492254B442412E9D650FA75C1344D515555259E7DF65971D145178921438688DCDC5C91979727C68F1F2F1E78E001515555251CC7E951FBFBF7EF17D3A64DEB777FB7F7DE7BAF479FA1436F91E3615916AFBCF20A7EBF9F2BAEB822E53107A70A420842A110656565545555B5E63DE94D049C1082E5CB97F3939FFC84CACACA14F7B86BB85C2EEEBEFB6EEEBBEFBE63EEBD6876AF6AEB72D511DD0E73575595ABAFBE9A254B96505050C0D4A9534F9B4A3A409224B2B2B298366D1AD3A64D4B499B353535BCFDF6DB74A58AB72449689A86AAAAAD62B06D1B915C2876F89E138D3D8AA2306FDE3C7EFCE31F1F23B6D2D252B66CD942341A45D334E6CC99C3A851A33AD4458F72CF67676773F9E597F3DE7BEFB57A759C26BD44A3515E7DF55556AC5871C2459B61185C72C9255C7DF5D5E4E7E763DB36E1709870384C229120180C128FC70987C3C4E37142A1109665D1D4D4846DDB44A3D1D67293D168B4D589D4ED7673D75D771D934FB0A4A484C71E7B8C499326E1F7FBC9CDCDE58F7FFC23D75C730D3366CC68D7B71E173B983C7932959595AC5AB58AEBAEBB8EACACAC9E36759A1390482458B26409FFF55FFFD5A5048E2D99066EB9E5960E4799AF8E646D7F164224D39B35BBA5398E433C1EE7B5D75EC3E7F3317FFEFCD6D12D1E8FB36CD932BEF7BDEFB166CD1A4CD3E4D34F3FE5861B6E60FDFAF58C193386ECECEC63CED563775E555539EFBCF31042B06EDDBA8CF3AB3F55701C878D1B37F2E8A38F76395B682C166B4D67D1929CB1EDD1D62D5E96651445693D545545D7755C2E172E970B5DD7D9B66D1B9665B170E1C2637CDD0281003E9F8F3163C6505050806DDB8C1E3D9A51A346919797D761B07BAFFCC7070C18C055575DC5EEDDBBD9B66D5BC6ECED9D4A545454F0D4534F756B91A028CA31013D3D4534278CFCE4934FF8F6B7BFDD2E205E5114C2E13096659148245A7DF362B118B158ACC30565AF0316060E1CC84D37DDC4DAB56BD9BB77EFE9912E854422115E79E51556AF5EDD25474B4551C8CECE66E1C2855C71C515BD129C1082929212366DDAC4C2850B3BCCDD979B9B4B616121EBD7AFA7AAAA8AB3CE3A0B455178EBADB7300CA3C3B97DAF05D75265E4924B2E61D5AA559495959D1EE95280E338AC5FBF9E175E78A1C347535B5455A5A8A888EBAFBF9E175E7881E79E7B8E891327F6EAFCD5D5D52C5FBE9C2953A63069D2A40EC52BCB32DFFDEE770906834C9A3409AFD7CBD0A143515595050B1674E86ADE6D3B5C6798A6C9E6CD9BD9B9732737DC7003995716F3E4A2A6A6865B6FBD9555AB56753ABA699A46515111975C7209575E7925E79E7B2EF9F9F9BD7E94D6D5D5F1DA6BAF3166CC18E6CD9B77C22491914884DDBB771308045A4D419D063EF5C8DCDD098944427CF8E187E2B1C71E13A15028954D7FAD304D53FCFEF7BF172E97AB536B7F6E6EAEF8E77FFE67B176ED5A51575797B2FC2B8140403CF1C41362E5CA95C234CD94B4D996940A4E887FA48B78F4D1477BB585F375C5344DB162C50A515454D4A1D05C2E97983D7BB6F8E0830F442C164BE9F5ADA9A9114F3EF9A4F8D39FFE94B6ADCB944739CBB2CC65975D466161216FBEF9664605E9663AA2B96EC5134F3CD1CEC3BAA5C0C6CD37DFCCB3CF3ECBC5175F9C9295680B8D8D8DBCFEFAEBF87C3E162E5C88DBED4E49BB5F252D61F56EB79BCB2EBB8C810307F2E73FFFB9C33C70A7694F5D5D1DCF3CF30CEBD7AF6F376FCBCFCFE7EEBBEFE63FFFF33F39E38C33527ADE868606962D5B86CFE7E39FFEE99FD26BC44FCBB8D94C341A151F7EF8A178F8E1874F3F5E4F403C1E17F7DF7F7FBB0C4E92248941830689254B9688402090D26BE8388E3872E48878EAA9A7C49B6FBED9271E4069159C10C90FF5D1471F89871F7E58ECDCB9332DC9054F769A9A9AC4534F3D25B2B2B28E119BA22862FAF4E9E27FFFF77F533E81771C477CF9E59762F1E2C5E2BDF7DE4BCB02A123D25E38BE2566D1711C56AF5E4D381C66E6CC99A7DD9A9A89C5622C5FBE9CC58B171F5342549665CE3EFB6CFEFDDFFF9DCB2EBBAC47F52B3AC3B66D76ECD8C1C68D1B993E7D3A175C70414ADB3F2E7D226B2184655962FFFEFDE2A1871E122B57AEEC913FFFA986E33862E3C68D62E6CC99C7242F942449CC9831436CD8B021E5D7299148880F3EF840FCF6B7BF15C5C5C569C92C7A3C5266F8ED2A757575BCF9E69B288AC282050B183468D0D7D69F2E1E8F73F7DD77F3ECB3CF62DB369224919D9DCDFCF9F3F9F5AF7FCD94295352766D4473A9D055AB5671E4C811AEBFFE7A860E1DDAE7D7BECF0507100C0659BD7A35870E1DE2D24B2F65E2C4895FCB47AC699A3CF6D863FCF18F7F24180C3276EC58AEBEFA6AAEBFFE7A860D1B9632315896C5175F7CC1BA75EBC8CFCFE78A2BAE486B82C7E3D12F8283E445D8BA752B1F7FFC3163C78E65EEDCB9FD7611FA9386860676EDDA45281462D4A8518C1C3932A5F9F0E2F1386BD7AE65CF9E3DCC9831833973E6F4DD7CAD03FA4D70901CE60F1F3ECCCA952B8946A3DC78E38D0C1C38B04FB36E9EAA0821686C6CE4B5D75E0360C182050C1F3EBCDF9F24FD2AB8161CC761D3A64DAC59B3863973E63063C60CFC7EFFD7766ED75B1A1A1AF8ECB3CFD8B4691373E7CE65EEDCB9FDDDA5563242702D545555F1EEBBEF128944983973263367CE3C3DDA7503DBB6D9BB772FEBD6ADC3ED7673D14517B5CB6FD2DF6494E020E9EAB26FDF3E366CD880AEEB5C7DF5D50C193224A32E5AA62184E0E8D1A3AC5AB58ADADA5A2EBEF862C68F1F9F9173E28C131C242F602C1663F3E6CD6CDCB8912953A63067CE1CF2F2F2FA75C29B69589645201060DBB66D6CDCB8913973E670CE39E7B40B5CC9243252706D696C6C6CB51D8D1B378EC99327337CF8F094571A3C99701C878A8A0A3EFFFC734A4A4A183A7428975F7EF949113997F18283E4053E74E8105BB76EE5C89123783C1E2EB9E412860F1FFEB59AE3398E436565251B366C201C0E3378F060264C98C09831634E9AEB705208AE05D334A9ADADA5B4B494F7DF7F1FBFDFCFE5975FCEA851A35055F5949CE789E6A8F98A8A0ADE79E71D8E1E3DCA9C397338F3CC33F1FBFD27DD14E3A4125C5B4CD3A4B8B898F7DF7F1F4551983973268585850C1C38109FCF77528B4F0841341AA5BABA9A83070FB27DFB769A9A9A58B0600153A64C39A90BA59CB4826BC1711CCACBCBD9B061039148048FC783DFEF67E2C4898C1831A27D81D80CC6344D2A2A2AD8BB772FF5F5F5442211DC6E373367CE64ECD8B127DD68D61127BDE05AB06D9BC6C646AAAAAA387CF830252525343636525858C8ECD9B333567C89448243870EB163C70EF6EDDB4756561663C68C61E8D0A1141414909393D3EFBB03A9E494115C5B5A12B2343636B277EF5EB66EDD4A6D6D2D0505054C9F3E9D828202BC5E2F2E970BC330D0342DAD936EC7715AA3D3239108E17098AAAA2A8A8B8B292D2D25373797E9D3A73379F264727373F1783CA794C8DA724A0AAE23229108E5E5E57CFAE9A7D4D4D4E0380E3E9F8F810307E2F57AF17ABD783C9ED6FFF77ABD1886D19A734396E5D6BC1C2D8836895F5AD26199A649381C26140A110E878946A384422142A1100D0D0D04020184100C1E3C982953A63061C2043C1E4F3F5E99BEE56B23B8B6B4AD615A5D5D4D5D5D1D914804CBB29024A9F5FF0DC3209148609A26922461DBF631826B490E03A0EB3A8661B4E6D46899D82B8A82DBED262F2F8FBCBC3C468D1AD55A6BF5EBC8D752701D615916F1781CD3348946A3C4E37184105896D59AC8EFAB7953DA66245255B57552AFEB3A1E8F074DD3D075FD6B6DA4FE2AFF3F26DC2702F45BFEEF0000000049454E44AE426082');

insert into MemberImage (imageid, member_id, contentType, data) values (4, 4, 'image/jpeg', 'FFD8FFE000104A46494600010200006400640000FFEC00114475636B79000100040000003C0000FFEE000E41646F62650064C000000001FFDB0084000604040405040605050609060506090B080606080B0C0A0A0B0A0A0C100C0C0C0C0C0C100C0E0F100F0E0C1313141413131C1B1B1B1C1F1F1F1F1F1F1F1F1F1F010707070D0C0D181010181A1511151A1F1F1F1F1F1F1F1F1F1F1F1F1F1F1F1F1F1F1F1F1F1F1F1F1F1F1F1F1F1F1F1F1F1F1F1F1F1F1F1F1F1F1F1F1F1F1F1F1FFFC000110800E100AA03011100021101031101FFC400A20000010403010000000000000000000000040203050600010708010002030101000000000000000000000001020003040506100001030204030603050408040700000001110203000421311205415106617181223213A1420791B1522314C1E16215F0D1F1723353541692B24363A2C27324342508110002020104010402020104030000000000011102032131120441516113052232718114F091A1B1C14215FFDA000C03010002110311003F00AFBA09BDC735A10E2A072AE3B63D504C36A740F77881A7B2AAB263A0E82231C601C547C053A7023A4B09B72015540720578D24B2CE210D7443E4F362420CE9250CD3162D868D65138B46390A590C1B6C51A82A8BC0E6283B31D2D02D8C6BB308DE3DBCA96488362B469B70C421CC76A1E35629E26549FCADFAA23B72DFF61D9C87EE97B05B1CC31CF05E7B9815DF0A7C7CADB17BA15F93EB0F464523BDB74D3054D4D8901EED65B855F5C171A14075AFD5FE8BB8736274F25B3CA00668DCD18F6856D0B60B92B5459F6FDDB6BDC5865B2B98EE5A062E8DC1C9DE86A8D56FA11A7E09781CDD383711C473F1A4E7007561243DCDC40C715A5AD9D9C20B4902E970CD1390141B63A43DA096B4EA538D339D03082228DDA0871C03704F1A64236151315A4262067DE94FF24282B6876384FB04A2A0C56A4CA07923EE9AE6CA153ECAAEADC8FE06D1DD992D5FF232A839300D8A576905EDD44EACF553365554DA1D709257374E9D0062076525996D11210DB3BDB0E2854263E355CEA5A87E1B651E9E0B8F134772486DBDAA1248E0695C92479E1A1A11840429CB2A46DAD8285C16D1A9F20F37A41F89AA9B65892098AD18D6E1896E20E74F54E00E19CCBEA0FD519E39A7D8FA7246B6E89D3777C083A08285B1F027B7856EC385B537FD4A1538D9478473AB5DADC6C2FEF6E64335D4A51B24A55CE73B173B1ABAF926D5AAD11A2AA2AD9057360D6B89320692001892A95B6B7667B56014C9730B8398F28310D7623E34D0988ACD6C4858F515D5A4CCB9B395F637CC2A2589C51C7B41FB8D556C53BEA8B96595E8CEE5F4AFEAC43BECCCD9B790D837700182650D8E74E4383FB38D72FB3D574FCABAD7FE87ADF97F275D30BA4607808A15573C38566AEA2BD019D1863C3199FCC3B70A9103C855BC6C400F95DCAAC4A6046C3A3862F60348049287B3C692F100523ADB5746DC078F68E155A9416CD96398C2C40350CA8CB0004F103AC9C7420A6A6E160BA8F319D68E4271396D9185F139AE4182F691E34D6B2298D43A38985ED6008D0303C39E355EEC64E07E36481C801734E49950ADD263B5215135EE2010840C0760AA9E4D4B55740F861F28247980F81CA9DDA4513EDFB9806E38A1196548EDA0CAA1B6B666418A69181E34B519B82B3F537AA0EC3B03E0B3C374BF22DED1AD451AB073BC1BF1AD98A89B8F0B51137B90FF004F3E876D735BB2EF758E4BAB87B75C9A9DA2305D8941EA7779ACF9BEC2F66D57446CAF5EB58E5AB3A933E9B74FC56C6D99610FB2D0123737501DB8F1AC4EF6999D4B559156EA1FA43D333C1283B6C20A287B3531C08E4946BDCC957A3637C34B2D8E05D63D0726CF24AE8838C2094692A47DB8D773A9DFF916BB9CFCFD6E1B14991A59206B82E9C070AE92664685C7753C32C7730C8639A121D0C8D28E639B8820F654693D09C8F59FD23EB61D61D350BAE1DA772B21EC5EB78170183C01F8F3AE067C2F1DDD56C68E5C9497C75BC6A0E90383C8CD699A50226C75B665A84A15C1470FB291CD46DC263B66B029C790AA6CC23CE8E4907A480DF4A1E34D122C4089E2974EA3820E1D94F6A0A9919305D64E0A8838914956B52C6817433E2B9D37221CD1967098E4735C010306BBB08C939D58D1947ACD8DD7ED1975BDC3594C139E694B3B8E97A9391DBC4E2D008408A3BBBA8F1D075B84456189C4008BCB0E554BAB2C91418D6E96F61FB530A1508F680C800D28434E230E54CE00A4321FD3C168E9EE3F2A389A4B9D9655A31568F7D0AAFCFC1C0B7EDC64DFBEB0DA032FBB6768161898708D1703C0B9733575A175ECD2893462ABF9123D23D3D20836F8DA467861C502D70E8DA3A592B24A45744E6A1C11073E741DB42BE001BA5D3035DE5D4E23E26B3DA59752A725EB8D89D7CD94862AA94AB7AB91D2C1CD4E4A0E0DD45B24DB65D11731F95EBA1BCEBD5F5F32BAD0E365C6EAF52BCE6B434F0E43F656B3333A3FD05EAA3B2F5BB6DE490B6D37289D048CE1EE3417467EF1E3593BB8E693E85989F83D370EFB14D219490D883C82DC2B909F16D16D75524958EE7EFC803406B5874D23B38416D6C483AE5AF6B40211C5C1BDBA4D2D85ADD30BB572354629EA078D4560D9044A1AF806001031F1C6ACB6494257721370631A51BE8E27C2AA45A05AA2E63D3A72AB2453CFD2757BE09FF4E0B4991F8C8714040C8F1435B3836A4CCB78F03DB7EF925BEE6C96477B913B53305C8F3AA7FE0BF8A82E567D496C185B127B8306B9C42270C41AAAD763D688376EEA78BDFD13488D94A3DCE20B580E2AB4AAADA15B49933657165B8E93048091800B8E02AC55E3BEE45795289686D6179607798A129C3214AC3E4AF7D4EDC7F9774E4AC8641EE3C39F180517437501F691498E5D92F05B43CFFF0049AE1971D7A0488F73EDCE95CF5282EAEA7D8D630FF64EA39CBFD1E9CB3DE76DB57C50BEE4071006971189AE03BFB1D3746C979B71B48207DC4CE6B5B1824BB82551280A8CAC3FAFB62B891F199018C601C5C065478DBCA1925EA466E9D55D3E617384D1BC3BD3E6198A2B1B7E193925E4E1DF552FA2B89A39206F931470E64F0AEEFD5D1AD19CFEDDA4E6AE7BDD22B8AAE04D76A0E7324FA727367D45B65CAA88AE61712A986B43F7D57954D5AF625773D0761BE996E6660796445C40989006AC8A780AE2DB1962BAF52DBB66EAFB68436195B27B89A5EAB81E341D3692BC96F42746EE45D5A0047B685E9C7482065553509898ADA96CB1BE13C4D7C6DF2BC38E938A0ACBCB5846B6B490F86312B482720415E7CA9B1EBB81A82037D33B4BDAC180441DA952A9C8EECA0AF25E7C12B515724796208E69431E5E4BB06907995CBC2BA966919E4B15A5D1129716E98E3046818941C178565BD4B6B71D8AFAE2699AE62B400480320780E555DAB08B6AC441BB4F248E609CB99AFF0030351143B2CB1CA9B871424A6F52E9D3579FFDD6DB1413699086CB339CED23DB6FAC788C2A89896D0B6DE117FB8EB0D9F6DB9B7B79DE7549AB5BB30D5C1A1DC94E5431C38D07B268E79F59B722ED9ED6EA39411212D6441092C78043978227C6ADEAD66D01AEC721E86DAF72DDFAAA6836C9BF4976C8247B676025087008839AA5743B791531276532CB30D1DAEE34D0EAD75D23D510BF6C8E2DC2D1E5C12F2292DDEE95CF5F96400BF2CC970C6B85FE463FCA6AFDB53A5F1DB4D57B973EB0B6BE8BA1A187DC26E64708647620E9040C7B74D62C2FF397B17647F8B4884B0E899EDFA44B36CDC5FB7EE7286B9974606C814A6AD5A9AF2542E4956DBB339395D72AFA0AB17E31570CAFD8FD18BCDCF70F7F74DC652C693AE68A01009315FE11E3A6B5FF00F4F8D62B54BFB933FF00892F5642FD5AD976CDA2D596F6E069604695525305ABBEB325AF77257DBC6AB5D0E44F78D20B085398EDAF408E5362A22E696C8710D425314231A8D93C1D92D6EE391A1F1CC1640D78D20E3A829AE53D248D96EB0BFB98AD213A5BA43B0CCE0AB8E18525E0AACB50982F6E0DFBAE2393439308D5415F954D57772A094B433AC7495F437360DF386E903BC2E24615CEB522D26DADBF1271F711C6C716BD3505C69EB54846DBDCADEEF34841707100627914E4955C3E45B56A0ABFEAE4FC3F7E5CAB5C94F16799ADB748993B8C738D4C19341C4227102BB76C6FD0A03A1DD21F68E89525C75B435141EFAA6F8C08CB6BDBB74467B756480A3067A8A62ABC1291D14C32C5631970D65AAB1CE63DC496B4AA823E63FBE8C4B1791916EF74248A48A576B602D710712175A0E588A67890512B3750C92C13CB2CAD96E25635A0855254EA45E2B54AC1C5A4B62CF93927244F5075336F76C658C8F73DD140C85870C1CD00FC2AFA608B4868F417F45AF4D87D4189AE785BB85F1877220870FBAAAFB4A72C3A7866AE969963D51EAE64ADFD3EB90832307A80C96BCDDA0EA434C89EA58E0FE590AA38297B81C8F72D1AD5039125D3D771B2CA16C6859983D99252AAA4C37520BD4FBC362B57BB521C7FAAABB291E8923CD1F5677837972D66A50154675E8BEAB0F14D9CBEEE4967376B7CA4152D38F85768E734390B91635C1D877D401D7FA66F3649365B212DC3D971ECC6D983580A1011557118572F356DC98E9D4BADBB76D7C2D6C1BB37DA386A000CF9E22AA6ECBC782BC897A8FC1B2D9CB20D1BB30170FF000C201DF9E78D2B6FD0A346CB874F7BFB6811C7771BE340A0A9FBCD67CAA7C1752D1E49BB8DF4C719D7230340E273E3599D2CF445DF2D56AD9017BD4F14D30B40F6FBA4600945EE5ABAB8EC948EAF51BF78FE319E9CC67F868CBF464E753C8B1CE1972640A1A4A63C8675E96CB432B245AE73260E6925BE944E24E754FF00244196B7F3C2D2010F6039380C0F022ABB5131AAC92926824B3F71BE56EA0109C7138D55C5A646311FB3A8B236800B95AEC5701881DFC69E18012E1C0C69C49CC6592765324C328AF5D1F6E77A3B1FC272C7135A56C3D7408E99DCA4B1EA7B0BD6F934CA1464007F978F7D57D8C5CF1BA96E1BF1C8AC7AC362DDBF98411DB4D23A22E620760AA422E35E372A83D04C951FA95BD7D44B7DC6D36DDBE28DF046D1FF00BD68563C1FC40E2D3D95B7A95C0D3777AFA19333BA6B8A2D1D29BE3EC761B5B4DCA66CDBA9D45C5992B9C4A01D8B59B2C727C7445D47A29DC87EB0BFB89637B41D00855E5431575D4992DA1E7FEB37BDD7A7510E3F8BB2BD3F4FF53919D9596B9ED5239615B20CD26464870EC34C2974E9A12496E1DAD803496A3BEDACB9A24162D96FFA989035C1ADCF25C57926154E9A15B610CBE95B300ED2030799A149E4532A584064E6DFBD5EC0D6C5087B812495C91304E555D948AE209986F771B860F75A1A1AE52A70701CAA9D0154426F570DD66574ED639CE2AFFE107FAE9F1FA16A4447EB5DFEA5FEB5F9B3FC5DF4F03423904618F9F4BB06B15D8F1AEB37A0107999AE7797CAA73EDF0AA62030116AFB563035CED5A9C4923D44A252DA5910E7EA491A6360D23966BDF43884545712900B016C993814209C7339E551C018B8ED1D2BFCCE0D6FCC06341DE10208BDEACDB1CC42A9635A5483E9CFECC6ACC57943A5A11173339EF561C18819CF0AB921AD693BFF00D32EAFD97A8F6FB7B0DC813750E96CD187163896FCC0B4829870AF2DDFEADB15A57EACED75B3AC958F28B77516C53CD1B62B7DB2E66B768564CCB9900009CC8249AC58EF0E67FE0D16D54411FB16DD65B34CE93F4A45D3824933DEE794CC05792829F26476DD894AAA903D69D53017398D21DCEB475B0B6E4A7365F0717EA29FDCB97B9C54925078D7A3C0A141CACAE4862E01A899FF00402AF2A371005D8D46C52F1D1716A8E623800E2D2172E40679D62ECDDC85D4B8D931D3B8FE593234957105B8AAF7567B5DA82BB2089A110A17B5CE23038AF6E34AAE98AEAD0FDADEBA36B70738044072514E2B1736FD78E698E38C800A1257051C05075435568097114B70E2F90620292404C396094554740BA3FEF0CD736E7F67C2A68349C85A252F6FB7894248AEB3150FD8CCE1388DE400DC88C4F60C6ABB574085161326A0E0002411DB4A822A395EBA47988208ED23FB2A344256DAE6E03581A5855E4EA70ECC71ECAA9D502099DBEDEEEE5CD64535BEBC4B49683DF98AA2D082911DD6D04F6AE83DC73099E2D25CC6800169C7E069FAF0CB3C14C79858ED058A87170E2B8D6D4085B08DBF73BCDBAFE3BDB290C37313B531CD39767750C98D593ABD5029775728EF5B37FF00A26D5FB2B6DAF627C77AD6064A5A0693866DEFAF3D97E9EEADF8FEA7569DEAB5AAD4ADEFBF54A4BC5FD2911467D45C417273ABB17D6C7EDA95E4ED4EC526F7A89D3B8E826599E712720B5D0A75A17B195E421EE619A47895CAE7BB8638569AC2454EAF706D0633E6C4F114C2334C70F7142F2A3042DBD17B87B17843A4D2AC1A5ABF30380FB2B3E7C72A4325FECF7A6C772E6C6CD48D009241524E6085AC97C52B52736876F6F2025AE7B092D524B54853DFC692B44B611B9188B758A295CE631C5BAD1AA72030539D589303A263526FBAA60448F2C27D2110E1C53850756C3C505B7F4772C33492BE28DCC01A70C0AE599C2A6A80A013F451FF00AC67E2CBE4FC5951E4FD0128E3E6490073587D410F34AEB68146A17E3188D9AE4F1A56127ACA374AE2D6C424705F3383AAAB34884CD96D8F0318E3073D40177EC4ACF6BA1C9AB3B56471B5D23B5318F1E46B1A317145FE82974DC56C9689CD6822360610A065A42760154B4C744075943FAADADDA9C0490B4BE3279804B82A7114D82D1619EC7320D0584EA476481723C6BA620D69F39C88EDA22B277A1ACECEF3AA6CACAEDA2486E4BA2D2725734E9F8D66EDB75C6DADD16E08E6A4BC750FD2AFD2977E9A319E08A895CEC3F63E2C68C9D6F4226CBA2EE03835EC08DF510B9FEFABF276D4094C6C9F9BA31B159174518D4462482B95615DDD752FF84E6FB8D93A0B9958E099E3F72D76B1E49464BD6182DBC25D20D2311991D9565AC569129B1CF6D6FB8344AD05C41D1A828D4460B49965D7401D3B6AB36DC6960BB86068030D4D54CFCC8714AE6E4BC7A8CA92483B6C9666961BC865B76128E01C3123040B489BDFC91D503FFB5A68A132CE118E70687AE927562884AA61562CDE01C584DA742CEA0BA76B6338807CADC94AAD67BF6D2DB52EAE06C1F71E9A16A0B2DEEE39A4209723F5A782609529D9E5AB501B61821FF96C9CFE4FC5FBAB57C88CFC11CE044085766BD87015D4656196969138F958EC02E08AB55D98791356D058B6190B1AE6608E94B9497386000ECACB7BB981902BAE2E0B9D1C321F6CBD8C6C851A55710107754D376116EEA4B9DBE69ACEE982E59839B30015A1A8B80CD69E98D594AD00C7D9D5F099DCC6C3AA29012C7905A03F13E3F0A1F038D49242EE7D4F73776F300D6C64C5ECC8C52410BEA00F1AB2B821924AF6B9312B81C0FDFF00B2B40659BB7B6B8B995B142C7492BCA358C0A49EC028369297A2024DEC757FA75F48F7696EA2DCEE888E4808922881C438150A79D71BB7F6558E35D4DD83AAE659DA24DA9D25B24ED05C4004D705D949D255D3506B6E928FDC56B15BC0220CE85B2BF502A209BDE9E5B77B4346B6A16A0E098E755BB6A58AA706EBFD89F65BBCBE4FCA793A9322ED4428EFAF49F5F9B9523CA39BD9C70C84B5DB1909B7B80D2E8DCE7B508450D6A155AD56C9328A1562195EB88C8B87398A0B5C749EECAB6D7633D96A4EECEE95FF009C5924ACC753587118E2B546648105A761FE731CD2CF61692B9C037D88DF8863D53510ECC76561C8EBE58C9382776E83AF1DBDB679D8F96118B637248C07B11508ACF97261F8E0B31D6DC8BFEF538B5B08EE2EA3602D00BA31A439CF2110373217B2B93D6A6B0B63A393224B5DCAEB6589D0DD92F0DB82D01D3940E01C8435B96095BA1CA8D8E7DAED952D76FC9DFE2267FF008BBEBA5F9141CDCEA81C547B8C7121BCFF007D74E6457535B6FBD2CE741734A804F04E2B4B93441489C91F2CECD0D934C61DA002814F04F1ACA924CB1D4321DA85BD9937128733DC00BD9FC38E1CF13555B34DB45A8CAA566F16E374D27CCC6F9107215BA9A54AAC0B6BAA2DC882090D2480EE280E9A67AD4080EE7DC12ABFE65345120DDB324909631A5C48E1C8516E06A9E85FA41F4E2CA1DA62DC6E226BAEA70AE73DBE66B485D2172AF2FF0063DDB5EEEABF5475FAF8156B31AB3B2596C76F6F0B1B0B3408C83A42809E15CD56D0BC224DBDACC0F986AC06155B1EAC7E2B46889DE4500714147C01B22B736696BB04E4570AA9DE07A9C0FEA3DA5CCDBECC1CE26189BADA303ABCC4AB5792015DDFAEBA54F732766ADB2AFBADDC106D76BA59A4064B8AAE2E3A4D7431636EEFFA31E56924549A44B117BB1271032C4E02BA4F4665DC22DA7B8B0B912025A000A01213FAF0342E959411A83A5F45756DEB6F220E1EEDB39CCF77005DA75050A0615C7ED60490F4B6BEC75A9770B7B9639B6D7115BBD7C8D538F145F1AE3BA7A9B1644968445DED73CC5B23E581EF8C6821EF6AA9C70526A572C38D40EBC882B8E9D92E9D387CAD8A13EB23104AA9C5AB8A0AD74ECF18D3528789B213F94ED3FEA63FF2FE7CFF0017A72ADDF358A38A393191BAA36B8973BE61CB1E15D975DCAE4236EBAB766EFA5E8C81F208DFC835F82F8675564AB74F71EAF52E76BB159DD5B996D9D1CCC85E59EE01E6D40A9295CCBF61D5C3D25172A489DD367F7219C471B98D6BFDCD01472E66A62CDAA058AE7F2F6CB75A7CAD001798C7038E7C56B77C908A7722F7275BD9DCBE428F94101A072AB71FE488F420E591D2CA5EECCE4D157A4297EE91E8A9E56C172F617EB734E8009D4490130CD38D733B5DB4A6A8DFD6EBCEA7AAFA6B6B6DA6DF144E6000040113135E59B9674D93CD6688F482002386345B110C98D00C0A877A8D240FC87E704464B715E1C6A37A016E57B77964F61E13D3C5292C9416A3CFFD641F26E7713CB316884C8C6B00CB5711DAA31AEEF49A55492DCC79F729FBB58DEDF5BDBD8D8C6E964697351A3003045AE9E3C95A376B6873F226D4224763E81BB85C25BB8659401AB4868634705D7220F85559BBE9A8AB1F1F5DA72D0F6FDD3EE6EB2F8AD6132056B4CA4B803866142D1C5D8DB7264A47A152B1DCEF366BD77A6560F2B846E51A49CC11FB6B7DE8B254C930CE8DD35D67B1CB0C4F7C4657460B5CDF2024B954BC3B8A658D71B3F52C9EA68A59345DAC773E98DD2D191FB92305ABF5B6278634EAE24E8D6484C33AC36C56A3FE4BF4B224A3774EDEB9ED17CED709D3A1A74680E2B96211DCE9785AABF90B556E644FFB67A6FF00CC19A7A87AF965F0A1F2E4F51BE0A1E7074113E446E2D0A14E054D7AD76691CC81A36914539683ADE4AEAE02A2B3820558DFEEB6339920B97C2D3E6D0D2A172F495155DE94BAD548CA517276F4C9E288CCD22E240DF70314E828A540E1CEB99F04371B17CA06EA282DF6CDB5FBA3246B8CA00893071738603C29BAD777B707E05BD78A939A4D3493CA6490AB9C549AECA508CD23FB7411CF7D135EED2C5571A5C8E10D452CF5B7D3DD86C8EDD6B3C0D6BA26B07E77CC469C004C109C6BC467C8DDDCEF27A0AA4AAA0E8D1B044D0D7221F483884E1540B322A276B2002BCA993D42F40C16A5CD040418E1DB4F1256F2408F6092E1A502042292C86E455BA9C5C3229047860E201C979D5362FC6CE1DBDECED9EF1CC983EE2591E52207152702E4F4D76B06575AA8D119334361B6BFC9F61607DFEE3059C6D473A0B71AA73CDA5E7F652BE795FE356FDDEC2A8A2D5C115BAFD59D8A2698F6DDBF5F1371704BDCEE030E1E02B562FAABFF00ECCAAFDC5E114BDE3EA6EF57FE51296460235B146C8C0E78A126BA78FEBE95F064BF61B2A1757935C48E92491CF7BB17179524D6EAD52508CEDC88B699D148D7B09D43D4DE04546A511382E169B839D6B04D149EDE9040F6F369CCEA031AC2F1EAD346BAB4D492FB1EF0C8AE583706CF716C1C1DAAD5ED0ECFE6690A40AA72E195A68C097AEA5D7FDC5D27FEAA5F4EBC8E7F872F57F0D73FFC7C9E85BF8FA9C7DB6EFB891AD89C039DC33C0678E55E82CF898EB5925ACF62B58DC1F2CA9163E6014B9C31214D64BE77E16A5F5C3EE1B0DA6D06E5F23A27981A7417870C48C780AA9DAF1BEA1745BF80D9B75E9BDBED5C63B3D7A7173A57B8B53220B422E354AC596EE1B272A2F050FA87A9AF77B95A66FCBB78B08606E000E6799AEA60EBD712D37665C991D88868CCAE590ABE4426B60B22E9DA5ED3A737103878D519AF087A1D47A3FEA16EBD3F10B7B49049087796DE5C011C74BB31F6571BB3D2AE473B337E2ECBAA83A5C3F5B3689E18EDEF6292CE73A55C40731A0E7E66AFC45736DD0BEEB534ACF52F3B1F5874A5CDB87C1B9C05E9882F6F7F13D9543C56AEE98EDF2D89D8779B37B563B88DCD39BDAE18E34CDA48ADD183EE9BFD8DA46E9659D8C89A3CCED42AB7AB843D6B0722EB5FA9ED96E0DBDA23618F57E71200CB324E5977D6AC3D2E5AB2BC9D84B638B6FBD71B8497328B3944511712656F13C4EAF9ABBD83A344972460BE76CAA4FB8493C8E7C84CF2953A9C4A0ED45ADEA892F4450EED8CB8DFCAC63DC488DC48680348C11500A74EAB604B069637B0F989CCA7DB4C010002799E350122DA02828A2A0649CE9BBA860DC1B14C7F26E3C99A238FA4F81AA7B159AE9E0BB05D2B6BE4B8CDB6597B06E4BDAD7C650381D21414C08C2B9F4CAE60DD931289905FD63FF1BFD299B73E7FBEADE08A39155DB3708D8487791EC5D298E75B32E36CCD8AF0586CE582E21F6A595B23479831CAD2D279118D61C94757291AEB54C91B6B6DBD8C735F216C67CDA55BA7578E359ED6BBD96A3708457FAD2DF6FB7B381B6770D90CAE2648DA1A30057304F13CAB6751DDD9F25066CF54B62A39F70ADF065318D570079802A3412C505D7B2F6C4D780D4D650A2346609EDACB6ACEA3A622CF746B04B33CBBFECB465A752E23B4F2A96C7E00AC58768B86C90092471639DAA473890981C1472422B365AEB05B4B068BD57173A3610C3E5C31D2B8E3F7D56E8595C827FDC6F823D6C91F190558237BB1C4B7811CAA7F8D2F619E683775D5570E85A66964B86306A10B9EEF39191249F2357C6857ABAE88AED9ECCA85F751CF24CE9646B25982885A71862C5706FCC7FBD5BA9812508A39B215F3CF3C85D238B9CE2A57B79568492D852436DB3067635E892391C4E00019A9A4BEC14197727BB23DD18FC885238B82AB94BBC696B485EE1059362DD5F07EA658BD984A963E5F2EA0BF2B7D471ECA2F2D538F24E2C126DBA7863D4E424A9D23340817E34EAD22C0C6870685E38534110F445ED208C08CBBC6346085AADEDEE65B364AD91C629F4B9C412079B044F49C6B13B2568362535FE4DFF2DB9FF33F83D3C39E7539A27C5EE54AD04D2DD86C6D5241C0F656BB5A1192889CB7B0DCD0BC46E2C42A3251C10D67B5EBEA6AAD6C1315B5E39CE7CB1BFC9896807E148ED55B16437B90BBCDCC73B981AD7073090E242029C8569C55832E5BC9187E356949919D2F072434083D24C4EB70F539078018D480985E0358D45207DF8D04804BD9EEADB73146402D4FCDED5E18F7D537C523266EE77995F116840D40547300938F6935298920BB683115C96303E51EE4A42C4D763A5C712E4F1CA8B40905BDBA9E5D2D73D583CDA1715C95DDB4E940B20472A720EC43CDFF00350641F6DD48E25AD5571D2D1D940258365B770BA6B031AEF6CB487BC121AE6E3A9389ACD96FF88F4AEA4B6EAF96763DF24A224D3F9AF5739C49C533FB05518DC3D8B1A2B5BADDB1971246D90CAFC3CE4052531AD98D382BBB22175104FF00655E5723FE7665E06A0C4F74F751DEDADB1B516CCB989875623204AA7DB8D64CF82B673305F8B2B4A224B0FF003BBCFF0040DFC7EA6FFC39566F82BEA5FF0027B22B3B16DD1C2B2DCB11D21D2D6BB837F7D69CB7F08C74459E1165A58DD24054C093592D25E920C7496F6D01597DB405E5EAA8D009C4775550DB1E124730BFB975CDCBE4C9A490C1FC2B8576695850626E4182262B4C030D021AA841449271E75086F520278AD020B8882FD4E1AB4E4399A8C83F24C185CD67F8CEC1F21E0B986FF5D2F12021087B69C8677F85421B6AA28F51C3C28103F6C88FEA1AF4572F95789EEECA5B6C144E6D97315AC8F3211A006928712E3CF9567C946F62EAB8646EEBBBCAF26088A86A832F61390ABA9892D44B5C8700AF69E35688C5818273A800DF55B84CF327BB0A1E460AE9D9BD9DC5AD71004C0B5CE7211CC7C4555994D47C6F52DE967FE633D3CC67CEB0CBF43542F5284FBBBC0E4F75C10E15D4E28E7A63CCBFBD6798CEED6AA0838F852BA21B9306BCDD2F27C2595C41188255539D1AD12D88ECD82711CA9802F4AB41425C3BEA4906CAD021A25476D42181505420AC7C2A105B792A27F45A8430E4B92F13C6A106C92E72D4921BC50F65401B1C39F1A9210B8259238CBD8ED2E42D51F8539D2B5244352CAF28095A6820819E38F65164358870298D420B0988544C6800758E21831F29CEA04D3103827851204EA93F11CB9F0A0090590A3CF2E34C0434F95CEC014032A01108BC68221BD241C4A0E144210D1186AB6405C3821A564077B4AAA22E294402401C38D42183E1C56A10D845A041D731A1AA4E7891C4D420D9049E6788FD95086801F6E7520861CD3335082800072A0417AC801A326D12093A720B4486621C53234584D60B8F0FEDA04159271071FDD50903A1E71C30772A843011C73CC25400423B9FCBF0E550920B215791E0B4C040EE2714FB695B09A8E394BC0662ECFF00B692423E2D6F1E5431C41C751C1BFF001141479A0C336FB79A325462332311F68A3320D46B0F1A9004250A1A2886DBF1182514436D2015E35086DDA8E2733408682A119AD09018011DA385490984918F8E352486054A0436868C90C4C9313C289051CF1CE8B09B710EE1DE6A119AD2003CE88B23802341FB054218CCCF1EDA0409D5DA725A80059000F3877D1221AD4D071C071A0C21568E71974C4CD4875C85147FC3C52ABB2459525EE2C9F245FCCB7694C16CE21B6F6C0AC8F41820CD399E1545726BC68A596BAF9B18DB594DB16C2E6C5EF009134005063A9EE793A476E14DC94EBE05E246DDECB730BE26B4FBD24C0BE38DAD20E8FC6414469E04A53ACA9CFB0AE9049D8FD3BEB4BE87DE836C9042710F90B6307B46B2D26A8C9F61829A3B16D3A992DB202DC7A4FA8B6C5379612B18337B51ED1E2D5AB3176F164FD6C84C9D7BD37444F6F235A194185D9F6D290D93C7202A10D0E62A10CA8414788E5C2890CCC2E544862D421B0899634584C047251CA8118B6A28A828E1EDC80F2A5408908BF7D4204237E14440299B22F01DD4BA8E98D08F98A90192476B9E3858F748518D20BF4FA88CF48EF38525EA3D58536E62668BDDC1AEBA46E9B780B8E9D49A8A9CC35A5C32A475F15D3D474E3566D97CF303A4912799CF6C936B04B01714642D6E59297767979D454D74D17FAD41C8B9FD3A8DB79B809EF83667CBAEEAE1EF424E93EDC4CFEE82094AE67D93E358AE91A7FE59B3A554ED2FF93B1B77180C443882AA82BCD3A1DB4C0EE20826C74844C69EAE192132ABBBF4174EEE72BA4B8B40C91C71961FCB763C7CB9F8D6DC3DFCB8D68CCB93A78EDAB450FAAFE9749B6C2FBADAEE1D711302BA0900F700FE12DC0D75BA9F6AAEE2EA19CEEC7D7F15357250DF0CB13CB256398FFC2F041FB0D75EAD339CD1A202009C29990C38341E278500092B9A5020A04E7F6D421B1CF8D1443028FD8B4584C0B854900B6A2F6F0A841C18355541A90493005C53BEA007BC7876E550120F2E9D4E3C568910D102A48C688E1C2A105CB2BA4D00E0D634353B29521A4599DC61313423756BF11837EC5A3C7C839160E97EA0FE597C54AB658F48C72F3129F1AC9DAEB7C953460CBC597AB2EB56CF298C151FB6B937E8C23A35ED496BDBB766C910249C7EC15CDBE1866DA649249B344E6024A267DAB59DD59736844B1D9E80E90831E67BBC6954CC20E91A91BBA747ECDBEDBBBF2A290341F6DA70209FC0E18B7EEAD183B97C4F728CBD6A644717EA3E98976CBF96DA186E0B987D0E66A4072F3373EFAF53D7ED2C94566D1C1CFD7E0E3523AD763DD6F247B2DED9EE31E326A1A34AE0A75255B7CD4AEECA6B8ECF646AE765DCED87E7DBB9AC19BC239A139B9A48146B9696D986D8ECBC055974E99A0F78DC35AD43835A5E70E602525F3F17101AE295B893B0C84AC33C537F003A1E9FDD934AF8532CDEAA09F1015C5A4D01D32B480E382820E1D86ADE49B11D6061BC8E2B4C28EC7187B88E409A9001C0D4CF8542183497765400E63CB8278510034CF0490CC71C395090A186B082A4D081856094C43498F65421B048068A232636BE96DCEFDBEEA36DA0C3F3A656AFF75BEA35972F6AB4D377EC5D4C36B6A5B2C7A19D65622F992BA79C62D72E96F7068E7DB5CEBFD872B716A11AEBD675524AEDBBE8468C0260E6E00839255193AE5F8F2C13D6FBAFBA34104F68E1589E1835D72C8A6EEF6734C76D9C963DE0E0EC096F6507D7B2FCD13E5ABFC5959DD65EA9E90BB75DD94A6F76594EA2CC498BB09E1DF5BB0AC3D9AF1B2E390CB9164C0E6BAD045DF5859EFD6F1BDA0C17D1E1A8E0E6AE7DED3469D2B6171BD467D8AE55E8C897DF6E36C43DB289258BE5940704CFCAE3E6683D86B4FC75B78D199ADCAA0277B9E695F76D48A4384D1B700072231D4D3F0AB96049415739D4664BB30DC367F6C18DC543E21A1CD778203FB69D525401B8D46EFEF2D2F22F7632B37FD461684714CF0A7C78ED571E01669AD3722E61ADA4213C813F72D696B529680D08726699D12B62DA482A33A828B088A9DD44869B9E5DC2A018FA8EDCAA02061EC0D2951050CBCB5A4A9C790A0D84D0734E00F70A813447C28902B6C635F7F08700E6876A735D8828171FB29327EAC7C7B973DB659F719DD2DCC863B18707118154F4B3B79F2AE7664A8A2ABF266CACBDCBB6CF7D6D7768EF2A5B33C90C7CF484AE3E7A3ABF7376269A29DD5168DB6B875D5AF91C71923191EDEFAEA74EFC94332E6AC3943163BEDCB22F7A077B8E666D1EA3CC55993AD59860AE67BA2C305CECDD5762D639E6DB70807E4CE3CB246FCC8EEECAC56C77EBDA56B57B9A6B6AE6AEBA58020EA6DC36E924D9B7A6B647FA1B27C9230E0BE356BEA5322593195AEC5A8F85CAD750ECE6CE46DE58BB55B1573B4E7193FF0096B6F5B3F2FC6DBFFD99F3E2E3AD7622E4DE2EA4898D7E9716E2241991C45685892654F336A18336E4AB9CCF2388E1D95646855C8261DCD8EB6314C15C41477004F1AADE3D650EB2E90C0FDD5472F9C66798AB60AD3105EE04E3876D3DE1304892ED4E5382E74A2B62C1195400B6B70CF3CAA105003505A8063DA8FC28C0A31296871E3442B6047340523C291A18C6E59771A0886D69C83D6931B799B227023ED094AD4A1AAE19356F7B71731416AC76903CA10A0E649ACF6A2AB76342B4E85C63DD62DA76E6CD2235BA036DA339903379EFE15CA781E5BC7FB9BB9F05252F76EA496EA47E2A1C4AD7570F5954C37CD244C779345217C44B49CC7035A5D5329566B61E8F74B88AE7F530B9D14EB896E47BC52BC69A87B0CB234E47EEB797DFE37A4BDE323FB6ABA6254FD46B65E5B8BB1EA09ED0BE377E6C2F6E921D8F9791E74B9302B0D8F3F1D37446DC3A3F7DE610913892C6F25ABABB6A5376A74D86D4804F0E34644303B85420A19D49249BC5CEE6B88A2F56413C70A5240B07143CD688205B4A0C3C2890D82350ECCE8480771E7C3E14400DF37F4E752A1421BC3B8D161343850209E54510C199A0424B6BFF00E40EE77FCB55E5D8D18F7267ACBFE9FF00E8B3EE1597A5E7F965F9CAA33856F310E0F5546146E3FF001077D40235271EFA0419E7418059CA800C3E9350860A8431D451059A66415C07754B104FCDE1411073FA7C28104B7FAA8107AAC14FFFD9');

update Member set picture_id = 1 where memberid = 1;
update Member set picture_id = 2 where memberid = 2;
update Member set picture_id = 3 where memberid = 3;
update Member set picture_id = 4 where memberid = 4;

insert into MemberBlog (blogid, member_id, entrydate, title, text) values (1, 1, '2007-01-05', 'My first blog entry!', '*Lorem ipsum* dolor sit amet, consectetur adipisicing elit, sed do eiusmod tempor incididunt ut labore et dolore magna aliqua. Ut enim ad minim veniam, quis nostrud exercitation ullamco laboris nisi ut aliquip ex ea commodo consequat. Duis aute irure dolor in reprehenderit in voluptate velit esse cillum dolore eu fugiat nulla pariatur. Excepteur sint occaecat cupidatat non proident, sunt in culpa qui officia deserunt mollit anim id est laborum.');
insert into MemberBlog (blogid, member_id, entrydate, title, text) values (2, 1, '2007-01-07', 'I love latin', 'Sed ut perspiciatis unde omnis iste natus error sit voluptatem accusantium doloremque laudantium, totam rem aperiam, eaque ipsa quae ab illo inventore veritatis et quasi architecto beatae vitae dicta sunt explicabo. Nemo enim ipsam voluptatem quia voluptas sit aspernatur aut odit aut fugit, sed quia consequuntur magni dolores eos qui ratione voluptatem sequi nesciunt. Neque porro quisquam est, qui dolorem ipsum quia dolor sit amet, consectetur, adipisci velit, sed quia non numquam eius modi tempora incidunt ut labore et dolore magnam aliquam quaerat voluptatem. Ut enim ad minima veniam, quis nostrum exercitationem ullam corporis suscipit laboriosam, nisi ut aliquid ex ea commodi consequatur? Quis autem vel eum iure reprehenderit qui in ea voluptate velit esse quam nihil molestiae consequatur, vel illum qui dolorem eum fugiat quo voluptas nulla pariatur?');

insert into BlogComment (commentid, blog_id, commentor_id, commentdate, comment) values (1, 1, 2, '2007-01-06', 'At vero eos et accusamus et iusto odio dignissimos ducimus qui blanditiis praesentium voluptatum deleniti atque corrupti quos dolores et quas molestias excepturi sint occaecati cupiditate non provident, similique sunt in culpa qui officia deserunt mollitia animi, id est laborum et dolorum fuga.');
insert into BlogComment (commentid, blog_id, commentor_id, commentdate, comment) values (2, 1, 1, '2007-01-07', 'Et harum quidem rerum facilis est et expedita distinctio.');

insert into MemberFriend (id, member_id, friend_id, authorized) values (1, 1, 2, 1);
insert into MemberFriend (id, member_id, friend_id, authorized) values (2, 2, 1, 1);
insert into MemberFriend (id, member_id, friend_id, authorized) values (3, 1, 3, 1);

insert into FriendComment (id, member_id, friend_id, commentDate, comment) values (1, 1, 2, '2007-01-25', 'Cheer up!');
